LoanID,DefaultFlag,DefaultDate
LOAN000001,No,
LOAN000002,No,
LOAN000003,No,
LOAN000004,No,
LOAN000005,No,
LOAN000006,Yes,2026-08-29
LOAN000007,No,
LOAN000008,No,
LOAN000009,No,
LOAN000010,No,
LOAN000011,No,
LOAN000012,No,
LOAN000013,No,
LOAN000014,No,
LOAN000015,No,
LOAN000016,No,
LOAN000017,No,
LOAN000018,No,
LOAN000019,No,
LOAN000020,No,
LOAN000021,No,
LOAN000022,Yes,2025-01-23
LOAN000023,No,
LOAN000024,No,
LOAN000025,No,
LOAN000026,No,
LOAN000027,Yes,2023-09-20
LOAN000028,Yes,2024-04-26
LOAN000029,No,
LOAN000030,Yes,2022-11-02
LOAN000031,No,
LOAN000032,No,
LOAN000033,No,
LOAN000034,No,
LOAN000035,No,
LOAN000036,No,
LOAN000037,No,
LOAN000038,No,
LOAN000039,No,
LOAN000040,No,
LOAN000041,No,
LOAN000042,No,
LOAN000043,No,
LOAN000044,No,
LOAN000045,No,
LOAN000046,No,
LOAN000047,No,
LOAN000048,No,
LOAN000049,No,
LOAN000050,No,
LOAN000051,No,
LOAN000052,No,
LOAN000053,No,
LOAN000054,No,
LOAN000055,No,
LOAN000056,No,
LOAN000057,No,
LOAN000058,No,
LOAN000059,No,
LOAN000060,No,
LOAN000061,No,
LOAN000062,No,
LOAN000063,No,
LOAN000064,No,
LOAN000065,No,
LOAN000066,No,
LOAN000067,No,
LOAN000068,No,
LOAN000069,No,
LOAN000070,No,
LOAN000071,No,
LOAN000072,No,
LOAN000073,No,
LOAN000074,No,
LOAN000075,No,
LOAN000076,No,
LOAN000077,No,
LOAN000078,Yes,07/12/2021
LOAN000079,No,
LOAN000080,No,
LOAN000081,No,
LOAN000082,No,
LOAN000083,No,
LOAN000084,No,
LOAN000085,No,
LOAN000086,No,
LOAN000087,No,
LOAN000088,No,
LOAN000089,No,
LOAN000090,No,
LOAN000091,No,
LOAN000092,No,
LOAN000093,No,
LOAN000094,No,
LOAN000095,No,
LOAN000096,No,
LOAN000097,No,
LOAN000098,No,
LOAN000099,No,
LOAN000100,No,
LOAN000101,Yes,07/02/2025
LOAN000102,No,
LOAN000103,No,
LOAN000104,Yes,25/04/2023
LOAN000105,No,
LOAN000106,No,
LOAN000107,No,
LOAN000108,No,
LOAN000109,No,
LOAN000110,No,
LOAN000111,No,
LOAN000112,No,
LOAN000113,No,
LOAN000114,No,
LOAN000115,No,
LOAN000116,No,
LOAN000117,No,
LOAN000118,No,
LOAN000119,No,
LOAN000120,No,
LOAN000121,No,
LOAN000122,No,
LOAN000123,No,
LOAN000124,No,
LOAN000125,No,
LOAN000126,No,
LOAN000127,No,
LOAN000128,Yes,14/01/2026
LOAN000129,No,
LOAN000130,No,
LOAN000131,No,
LOAN000132,No,
LOAN000133,No,
LOAN000134,No,
LOAN000135,No,
LOAN000136,Yes,12/05/2023
LOAN000137,No,
LOAN000138,No,
LOAN000139,No,
LOAN000140,No,
LOAN000141,No,
LOAN000142,No,
LOAN000143,No,
LOAN000144,No,
LOAN000145,Yes,14/07/2025
LOAN000146,No,
LOAN000147,No,
LOAN000148,No,
LOAN000149,No,
LOAN000150,No,
LOAN000151,No,
LOAN000152,No,
LOAN000153,No,
LOAN000154,No,
LOAN000155,No,
LOAN000156,No,
LOAN000157,Yes,12/09/2023
LOAN000158,No,
LOAN000159,No,
LOAN000160,No,
LOAN000161,No,
LOAN000162,No,
LOAN000163,No,
LOAN000164,No,
LOAN000165,No,
LOAN000166,No,
LOAN000167,Yes,12/12/2023
LOAN000168,No,
LOAN000169,No,
LOAN000170,No,
LOAN000171,No,
LOAN000172,No,
LOAN000173,No,
LOAN000174,No,
LOAN000175,No,
LOAN000176,Yes,2025-02-26
LOAN000177,No,
LOAN000178,No,
LOAN000179,No,
LOAN000180,No,
LOAN000181,No,
LOAN000182,No,
LOAN000183,No,
LOAN000184,No,
LOAN000185,No,
LOAN000186,No,
LOAN000187,No,
LOAN000188,No,
LOAN000189,No,
LOAN000190,No,
LOAN000191,No,
LOAN000192,No,
LOAN000193,No,
LOAN000194,No,
LOAN000195,No,
LOAN000196,No,
LOAN000197,No,
LOAN000198,No,
LOAN000199,No,
LOAN000200,No,
LOAN000201,No,
LOAN000202,No,
LOAN000203,No,
LOAN000204,Yes,2027-04-14
LOAN000205,No,
LOAN000206,No,
LOAN000207,No,
LOAN000208,No,
LOAN000209,No,
LOAN000210,No,
LOAN000211,No,
LOAN000212,No,
LOAN000213,Yes,2023-04-23
LOAN000214,No,
LOAN000215,No,
LOAN000216,No,
LOAN000217,No,
LOAN000218,No,
LOAN000219,No,
LOAN000220,No,
LOAN000221,No,
LOAN000222,No,
LOAN000223,No,
LOAN000224,Yes,2023-08-25
LOAN000225,No,
LOAN000226,No,
LOAN000227,No,
LOAN000228,No,
LOAN000229,No,
LOAN000230,Yes,09/05/2025
LOAN000231,No,
LOAN000232,No,
LOAN000233,No,
LOAN000234,No,
LOAN000235,No,
LOAN000236,No,
LOAN000237,No,
LOAN000238,No,
LOAN000239,No,
LOAN000240,No,
LOAN000241,No,
LOAN000242,No,
LOAN000243,No,
LOAN000244,Yes,02/01/2027
LOAN000245,No,
LOAN000246,No,
LOAN000247,No,
LOAN000248,No,
LOAN000249,No,
LOAN000250,Yes,2021-12-20
LOAN000251,No,
LOAN000252,No,
LOAN000253,No,
LOAN000254,No,
LOAN000255,No,
LOAN000256,No,
LOAN000257,No,
LOAN000258,No,
LOAN000259,No,
LOAN000260,No,
LOAN000261,No,
LOAN000262,No,
LOAN000263,No,
LOAN000264,No,
LOAN000265,No,
LOAN000266,Yes,11/08/2022
LOAN000267,No,
LOAN000268,No,
LOAN000269,No,
LOAN000270,No,
LOAN000271,No,
LOAN000272,No,
LOAN000273,No,
LOAN000274,No,
LOAN000275,No,
LOAN000276,No,
LOAN000277,No,
LOAN000278,No,
LOAN000279,No,
LOAN000280,No,
LOAN000281,No,
LOAN000282,No,
LOAN000283,No,
LOAN000284,No,
LOAN000285,No,
LOAN000286,No,
LOAN000287,No,
LOAN000288,No,
LOAN000289,No,
LOAN000290,No,
LOAN000291,No,
LOAN000292,No,
LOAN000293,No,
LOAN000294,No,
LOAN000295,No,
LOAN000296,Yes,2026-02-24
LOAN000297,No,
LOAN000298,No,
LOAN000299,No,
LOAN000300,No,
LOAN000301,No,
LOAN000302,No,
LOAN000303,No,
LOAN000304,No,
LOAN000305,No,
LOAN000306,No,
LOAN000307,No,
LOAN000308,No,
LOAN000309,No,
LOAN000310,No,
LOAN000311,No,
LOAN000312,No,
LOAN000313,No,
LOAN000314,No,
LOAN000315,No,
LOAN000316,No,
LOAN000317,No,
LOAN000318,No,
LOAN000319,No,
LOAN000320,No,
LOAN000321,No,
LOAN000322,No,
LOAN000323,No,
LOAN000324,No,
LOAN000325,Yes,2022-05-04
LOAN000326,No,
LOAN000327,No,
LOAN000328,No,
LOAN000329,No,
LOAN000330,No,
LOAN000331,No,
LOAN000332,No,
LOAN000333,No,
LOAN000334,No,
LOAN000335,No,
LOAN000336,No,
LOAN000337,No,
LOAN000338,No,
LOAN000339,No,
LOAN000340,No,
LOAN000341,No,
LOAN000342,No,
LOAN000343,No,
LOAN000344,No,
LOAN000345,No,
LOAN000346,No,
LOAN000347,No,
LOAN000348,No,
LOAN000349,No,
LOAN000350,No,
LOAN000351,No,
LOAN000352,No,
LOAN000353,No,
LOAN000354,No,
LOAN000355,No,
LOAN000356,Yes,10/05/2025
LOAN000357,No,
LOAN000358,No,
LOAN000359,No,
LOAN000360,No,
LOAN000361,No,
LOAN000362,No,
LOAN000363,No,
LOAN000364,No,
LOAN000365,No,
LOAN000366,No,
LOAN000367,No,
LOAN000368,No,
LOAN000369,No,
LOAN000370,No,
LOAN000371,No,
LOAN000372,No,
LOAN000373,No,
LOAN000374,No,
LOAN000375,No,
LOAN000376,Yes,2026-05-28
LOAN000377,No,
LOAN000378,No,
LOAN000379,No,
LOAN000380,Yes,13/11/2024
LOAN000381,No,
LOAN000382,No,
LOAN000383,No,
LOAN000384,No,
LOAN000385,No,
LOAN000386,No,
LOAN000387,No,
LOAN000388,No,
LOAN000389,No,
LOAN000390,No,
LOAN000391,No,
LOAN000392,No,
LOAN000393,No,
LOAN000394,Yes,2024-10-26
LOAN000395,No,
LOAN000396,No,
LOAN000397,No,
LOAN000398,No,
LOAN000399,No,
LOAN000400,No,
LOAN000401,No,
LOAN000402,No,
LOAN000403,No,
LOAN000404,No,
LOAN000405,No,
LOAN000406,No,
LOAN000407,No,
LOAN000408,No,
LOAN000409,Yes,21/05/2026
LOAN000410,No,
LOAN000411,No,
LOAN000412,No,
LOAN000413,Yes,2024-01-02
LOAN000414,No,
LOAN000415,No,
LOAN000416,No,
LOAN000417,No,
LOAN000418,No,
LOAN000419,No,
LOAN000420,No,
LOAN000421,No,
LOAN000422,No,
LOAN000423,No,
LOAN000424,No,
LOAN000425,No,
LOAN000426,No,
LOAN000427,No,
LOAN000428,No,
LOAN000429,No,
LOAN000430,No,
LOAN000431,No,
LOAN000432,No,
LOAN000433,No,
LOAN000434,No,
LOAN000435,No,
LOAN000436,No,
LOAN000437,No,
LOAN000438,No,
LOAN000439,No,
LOAN000440,No,
LOAN000441,No,
LOAN000442,No,
LOAN000443,No,
LOAN000444,No,
LOAN000445,No,
LOAN000446,No,
LOAN000447,No,
LOAN000448,No,
LOAN000449,No,
LOAN000450,No,
LOAN000451,No,
LOAN000452,Yes,2023-04-27
LOAN000453,No,
LOAN000454,No,
LOAN000455,No,
LOAN000456,No,
LOAN000457,No,
LOAN000458,No,
LOAN000459,No,
LOAN000460,Yes,07/10/2024
LOAN000461,No,
LOAN000462,Yes,2023-07-08
LOAN000463,No,
LOAN000464,No,
LOAN000465,No,
LOAN000466,No,
LOAN000467,No,
LOAN000468,Yes,20/09/2027
LOAN000469,No,
LOAN000470,No,
LOAN000471,No,
LOAN000472,No,
LOAN000473,No,
LOAN000474,No,
LOAN000475,Yes,24/02/2023
LOAN000476,Yes,2023-04-27
LOAN000477,No,
LOAN000478,No,
LOAN000479,No,
LOAN000480,No,
LOAN000481,No,
LOAN000482,No,
LOAN000483,No,
LOAN000484,No,
LOAN000485,No,
LOAN000486,No,
LOAN000487,No,
LOAN000488,Yes,2025-07-05
LOAN000489,No,
LOAN000490,No,
LOAN000491,No,
LOAN000492,No,
LOAN000493,No,
LOAN000494,No,
LOAN000495,No,
LOAN000496,No,
LOAN000497,No,
LOAN000498,No,
LOAN000499,No,
LOAN000500,No,
LOAN000501,No,
LOAN000502,No,
LOAN000503,Yes,17/12/2027
LOAN000504,No,
LOAN000505,No,
LOAN000506,No,
LOAN000507,Yes,2024-03-30
LOAN000508,No,
LOAN000509,No,
LOAN000510,No,
LOAN000511,No,
LOAN000512,No,
LOAN000513,No,
LOAN000514,No,
LOAN000515,No,
LOAN000516,No,
LOAN000517,No,
LOAN000518,Yes,05/11/2026
LOAN000519,No,
LOAN000520,No,
LOAN000521,No,
LOAN000522,No,
LOAN000523,No,
LOAN000524,No,
LOAN000525,Yes,2022-07-14
LOAN000526,No,
LOAN000527,No,
LOAN000528,No,
LOAN000529,No,
LOAN000530,No,
LOAN000531,No,
LOAN000532,No,
LOAN000533,Yes,13/05/2026
LOAN000534,No,
LOAN000535,No,
LOAN000536,No,
LOAN000537,No,
LOAN000538,No,
LOAN000539,No,
LOAN000540,Yes,17/09/2023
LOAN000541,No,
LOAN000542,No,
LOAN000543,No,
LOAN000544,No,
LOAN000545,No,
LOAN000546,No,
LOAN000547,No,
LOAN000548,Yes,2023-08-10
LOAN000549,No,
LOAN000550,No,
LOAN000551,No,
LOAN000552,No,
LOAN000553,No,
LOAN000554,Yes,2026-12-15
LOAN000555,No,
LOAN000556,No,
LOAN000557,No,
LOAN000558,Yes,13/05/2022
LOAN000559,Yes,17/09/2026
LOAN000560,No,
LOAN000561,Yes,15/03/2023
LOAN000562,No,
LOAN000563,No,
LOAN000564,Yes,07/03/2024
LOAN000565,No,
LOAN000566,No,
LOAN000567,No,
LOAN000568,No,
LOAN000569,No,
LOAN000570,No,
LOAN000571,Yes,2026-03-27
LOAN000572,No,
LOAN000573,No,
LOAN000574,No,
LOAN000575,No,
LOAN000576,No,
LOAN000577,No,
LOAN000578,No,
LOAN000579,No,
LOAN000580,No,
LOAN000581,No,
LOAN000582,No,
LOAN000583,No,
LOAN000584,No,
LOAN000585,No,
LOAN000586,No,
LOAN000587,Yes,2022-08-18
LOAN000588,No,
LOAN000589,No,
LOAN000590,Yes,10/04/2025
LOAN000591,No,
LOAN000592,No,
LOAN000593,No,
LOAN000594,No,
LOAN000595,No,
LOAN000596,No,
LOAN000597,No,
LOAN000598,Yes,2025-08-05
LOAN000599,No,
LOAN000600,Yes,18/05/2024
LOAN000601,No,
LOAN000602,No,
LOAN000603,No,
LOAN000604,Yes,14/06/2024
LOAN000605,No,
LOAN000606,No,
LOAN000607,No,
LOAN000608,No,
LOAN000609,No,
LOAN000610,No,
LOAN000611,No,
LOAN000612,No,
LOAN000613,No,
LOAN000614,No,
LOAN000615,No,
LOAN000616,No,
LOAN000617,No,
LOAN000618,No,
LOAN000619,No,
LOAN000620,No,
LOAN000621,No,
LOAN000622,No,
LOAN000623,No,
LOAN000624,No,
LOAN000625,No,
LOAN000626,No,
LOAN000627,No,
LOAN000628,Yes,02/06/2023
LOAN000629,No,
LOAN000630,No,
LOAN000631,Yes,2026-10-07
LOAN000632,No,
LOAN000633,No,
LOAN000634,No,
LOAN000635,No,
LOAN000636,No,
LOAN000637,No,
LOAN000638,No,
LOAN000639,No,
LOAN000640,No,
LOAN000641,No,
LOAN000642,No,
LOAN000643,No,
LOAN000644,No,
LOAN000645,No,
LOAN000646,No,
LOAN000647,No,
LOAN000648,No,
LOAN000649,No,
LOAN000650,No,
LOAN000651,No,
LOAN000652,Yes,2025-05-26
LOAN000653,No,
LOAN000654,No,
LOAN000655,No,
LOAN000656,No,
LOAN000657,Yes,2027-03-15
LOAN000658,No,
LOAN000659,No,
LOAN000660,No,
LOAN000661,No,
LOAN000662,No,
LOAN000663,No,
LOAN000664,No,
LOAN000665,No,
LOAN000666,No,
LOAN000667,No,
LOAN000668,No,
LOAN000669,No,
LOAN000670,No,
LOAN000671,No,
LOAN000672,No,
LOAN000673,No,
LOAN000674,No,
LOAN000675,No,
LOAN000676,Yes,23/11/2024
LOAN000677,No,
LOAN000678,No,
LOAN000679,No,
LOAN000680,No,
LOAN000681,No,
LOAN000682,Yes,09/10/2027
LOAN000683,No,
LOAN000684,No,
LOAN000685,No,
LOAN000686,No,
LOAN000687,No,
LOAN000688,No,
LOAN000689,No,
LOAN000690,No,
LOAN000691,No,
LOAN000692,No,
LOAN000693,No,
LOAN000694,No,
LOAN000695,No,
LOAN000696,No,
LOAN000697,No,
LOAN000698,No,
LOAN000699,No,
LOAN000700,No,
LOAN000701,No,
LOAN000702,No,
LOAN000703,No,
LOAN000704,No,
LOAN000705,No,
LOAN000706,No,
LOAN000707,No,
LOAN000708,No,
LOAN000709,No,
LOAN000710,Yes,2023-12-06
LOAN000711,No,
LOAN000712,Yes,24/11/2021
LOAN000713,No,
LOAN000714,No,
LOAN000715,No,
LOAN000716,No,
LOAN000717,No,
LOAN000718,No,
LOAN000719,No,
LOAN000720,No,
LOAN000721,No,
LOAN000722,No,
LOAN000723,No,
LOAN000724,No,
LOAN000725,Yes,11/06/2023
LOAN000726,No,
LOAN000727,No,
LOAN000728,No,
LOAN000729,No,
LOAN000730,No,
LOAN000731,No,
LOAN000732,No,
LOAN000733,No,
LOAN000734,No,
LOAN000735,No,
LOAN000736,No,
LOAN000737,No,
LOAN000738,No,
LOAN000739,No,
LOAN000740,No,
LOAN000741,No,
LOAN000742,No,
LOAN000743,No,
LOAN000744,No,
LOAN000745,No,
LOAN000746,No,
LOAN000747,No,
LOAN000748,No,
LOAN000749,No,
LOAN000750,No,
LOAN000751,No,
LOAN000752,No,
LOAN000753,No,
LOAN000754,No,
LOAN000755,No,
LOAN000756,No,
LOAN000757,No,
LOAN000758,No,
LOAN000759,No,
LOAN000760,No,
LOAN000761,No,
LOAN000762,No,
LOAN000763,No,
LOAN000764,No,
LOAN000765,No,
LOAN000766,No,
LOAN000767,No,
LOAN000768,No,
LOAN000769,No,
LOAN000770,No,
LOAN000771,No,
LOAN000772,No,
LOAN000773,No,
LOAN000774,No,
LOAN000775,No,
LOAN000776,Yes,20/06/2025
LOAN000777,No,
LOAN000778,No,
LOAN000779,No,
LOAN000780,No,
LOAN000781,No,
LOAN000782,No,
LOAN000783,No,
LOAN000784,No,
LOAN000785,No,
LOAN000786,No,
LOAN000787,No,
LOAN000788,Yes,2024-06-22
LOAN000789,No,
LOAN000790,No,
LOAN000791,No,
LOAN000792,No,
LOAN000793,Yes,14/09/2025
LOAN000794,Yes,04/01/2027
LOAN000795,No,
LOAN000796,No,
LOAN000797,No,
LOAN000798,No,
LOAN000799,Yes,2025-09-23
LOAN000800,No,
LOAN000801,No,
LOAN000802,No,
LOAN000803,No,
LOAN000804,No,
LOAN000805,No,
LOAN000806,No,
LOAN000807,No,
LOAN000808,No,
LOAN000809,No,
LOAN000810,No,
LOAN000811,No,
LOAN000812,No,
LOAN000813,No,
LOAN000814,No,
LOAN000815,No,
LOAN000816,No,
LOAN000817,No,
LOAN000818,No,
LOAN000819,No,
LOAN000820,No,
LOAN000821,No,
LOAN000822,No,
LOAN000823,No,
LOAN000824,No,
LOAN000825,No,
LOAN000826,No,
LOAN000827,No,
LOAN000828,No,
LOAN000829,No,
LOAN000830,No,
LOAN000831,No,
LOAN000832,No,
LOAN000833,No,
LOAN000834,No,
LOAN000835,No,
LOAN000836,No,
LOAN000837,No,
LOAN000838,Yes,2024-03-23
LOAN000839,No,
LOAN000840,No,
LOAN000841,No,
LOAN000842,No,
LOAN000843,No,
LOAN000844,No,
LOAN000845,No,
LOAN000846,No,
LOAN000847,No,
LOAN000848,No,
LOAN000849,No,
LOAN000850,No,
LOAN000851,No,
LOAN000852,No,
LOAN000853,No,
LOAN000854,Yes,11/01/2027
LOAN000855,No,
LOAN000856,No,
LOAN000857,Yes,2026-08-08
LOAN000858,No,
LOAN000859,No,
LOAN000860,No,
LOAN000861,No,
LOAN000862,Yes,14/02/2028
LOAN000863,No,
LOAN000864,No,
LOAN000865,No,
LOAN000866,No,
LOAN000867,No,
LOAN000868,No,
LOAN000869,No,
LOAN000870,No,
LOAN000871,Yes,19/05/2023
LOAN000872,No,
LOAN000873,No,
LOAN000874,No,
LOAN000875,No,
LOAN000876,No,
LOAN000877,No,
LOAN000878,No,
LOAN000879,Yes,2024-03-29
LOAN000880,No,
LOAN000881,Yes,2026-04-20
LOAN000882,No,
LOAN000883,No,
LOAN000884,No,
LOAN000885,No,
LOAN000886,No,
LOAN000887,No,
LOAN000888,No,
LOAN000889,No,
LOAN000890,No,
LOAN000891,No,
LOAN000892,No,
LOAN000893,No,
LOAN000894,No,
LOAN000895,No,
LOAN000896,No,
LOAN000897,No,
LOAN000898,No,
LOAN000899,No,
LOAN000900,No,
LOAN000901,No,
LOAN000902,No,
LOAN000903,No,
LOAN000904,No,
LOAN000905,No,
LOAN000906,No,
LOAN000907,No,
LOAN000908,No,
LOAN000909,No,
LOAN000910,No,
LOAN000911,No,
LOAN000912,No,
LOAN000913,No,
LOAN000914,No,
LOAN000915,No,
LOAN000916,No,
LOAN000917,No,
LOAN000918,No,
LOAN000919,No,
LOAN000920,No,
LOAN000921,No,
LOAN000922,No,
LOAN000923,No,
LOAN000924,No,
LOAN000925,No,
LOAN000926,No,
LOAN000927,No,
LOAN000928,No,
LOAN000929,No,
LOAN000930,No,
LOAN000931,No,
LOAN000932,No,
LOAN000933,No,
LOAN000934,Yes,02/01/2023
LOAN000935,No,
LOAN000936,No,
LOAN000937,No,
LOAN000938,No,
LOAN000939,No,
LOAN000940,No,
LOAN000941,No,
LOAN000942,No,
LOAN000943,No,
LOAN000944,No,
LOAN000945,No,
LOAN000946,No,
LOAN000947,No,
LOAN000948,No,
LOAN000949,No,
LOAN000950,No,
LOAN000951,No,
LOAN000952,No,
LOAN000953,No,
LOAN000954,No,
LOAN000955,No,
LOAN000956,No,
LOAN000957,No,
LOAN000958,No,
LOAN000959,No,
LOAN000960,No,
LOAN000961,No,
LOAN000962,Yes,2027-04-21
LOAN000963,No,
LOAN000964,No,
LOAN000965,No,
LOAN000966,No,
LOAN000967,No,
LOAN000968,No,
LOAN000969,No,
LOAN000970,No,
LOAN000971,No,
LOAN000972,No,
LOAN000973,No,
LOAN000974,No,
LOAN000975,Yes,2027-04-25
LOAN000976,No,
LOAN000977,No,
LOAN000978,Yes,05/03/2026
LOAN000979,No,
LOAN000980,No,
LOAN000981,Yes,2023-08-12
LOAN000982,No,
LOAN000983,No,
LOAN000984,No,
LOAN000985,Yes,2024-07-16
LOAN000986,Yes,17/07/2028
LOAN000987,No,
LOAN000988,No,
LOAN000989,No,
LOAN000990,No,
LOAN000991,No,
LOAN000992,Yes,2026-11-21
LOAN000993,No,
LOAN000994,No,
LOAN000995,No,
LOAN000996,No,
LOAN000997,No,
LOAN000998,No,
LOAN000999,No,
LOAN001000,No,
LOAN001001,No,
LOAN001002,No,
LOAN001003,No,
LOAN001004,No,
LOAN001005,No,
LOAN001006,No,
LOAN001007,No,
LOAN001008,No,
LOAN001009,No,
LOAN001010,Yes,12/11/2022
LOAN001011,No,
LOAN001012,No,
LOAN001013,No,
LOAN001014,No,
LOAN001015,No,
LOAN001016,No,
LOAN001017,No,
LOAN001018,No,
LOAN001019,No,
LOAN001020,No,
LOAN001021,No,
LOAN001022,No,
LOAN001023,No,
LOAN001024,No,
LOAN001025,No,
LOAN001026,No,
LOAN001027,No,
LOAN001028,No,
LOAN001029,No,
LOAN001030,No,
LOAN001031,No,
LOAN001032,No,
LOAN001033,No,
LOAN001034,No,
LOAN001035,No,
LOAN001036,No,
LOAN001037,No,
LOAN001038,No,
LOAN001039,No,
LOAN001040,No,
LOAN001041,No,
LOAN001042,No,
LOAN001043,No,
LOAN001044,No,
LOAN001045,No,
LOAN001046,No,
LOAN001047,No,
LOAN001048,No,
LOAN001049,No,
LOAN001050,No,
LOAN001051,No,
LOAN001052,Yes,14/11/2022
LOAN001053,Yes,06/10/2025
LOAN001054,No,
LOAN001055,No,
LOAN001056,No,
LOAN001057,No,
LOAN001058,No,
LOAN001059,No,
LOAN001060,No,
LOAN001061,No,
LOAN001062,No,
LOAN001063,No,
LOAN001064,Yes,2024-02-01
LOAN001065,No,
LOAN001066,No,
LOAN001067,No,
LOAN001068,No,
LOAN001069,No,
LOAN001070,No,
LOAN001071,No,
LOAN001072,No,
LOAN001073,Yes,23/11/2022
LOAN001074,No,
LOAN001075,No,
LOAN001076,No,
LOAN001077,No,
LOAN001078,No,
LOAN001079,No,
LOAN001080,No,
LOAN001081,No,
LOAN001082,No,
LOAN001083,No,
LOAN001084,No,
LOAN001085,No,
LOAN001086,No,
LOAN001087,No,
LOAN001088,Yes,18/11/2023
LOAN001089,No,
LOAN001090,No,
LOAN001091,Yes,08/10/2023
LOAN001092,No,
LOAN001093,No,
LOAN001094,No,
LOAN001095,Yes,2026-02-27
LOAN001096,No,
LOAN001097,No,
LOAN001098,No,
LOAN001099,No,
LOAN001100,No,
LOAN001101,No,
LOAN001102,No,
LOAN001103,No,
LOAN001104,No,
LOAN001105,No,
LOAN001106,No,
LOAN001107,No,
LOAN001108,No,
LOAN001109,Yes,20/02/2025
LOAN001110,No,
LOAN001111,No,
LOAN001112,No,
LOAN001113,No,
LOAN001114,No,
LOAN001115,No,
LOAN001116,No,
LOAN001117,No,
LOAN001118,No,
LOAN001119,No,
LOAN001120,No,
LOAN001121,No,
LOAN001122,No,
LOAN001123,No,
LOAN001124,Yes,2027-01-04
LOAN001125,No,
LOAN001126,Yes,12/01/2027
LOAN001127,No,
LOAN001128,No,
LOAN001129,No,
LOAN001130,No,
LOAN001131,No,
LOAN001132,No,
LOAN001133,No,
LOAN001134,No,
LOAN001135,No,
LOAN001136,No,
LOAN001137,No,
LOAN001138,No,
LOAN001139,No,
LOAN001140,No,
LOAN001141,No,
LOAN001142,No,
LOAN001143,No,
LOAN001144,Yes,11/07/2024
LOAN001145,No,
LOAN001146,No,
LOAN001147,No,
LOAN001148,No,
LOAN001149,No,
LOAN001150,Yes,2022-09-15
LOAN001151,No,
LOAN001152,No,
LOAN001153,No,
LOAN001154,No,
LOAN001155,No,
LOAN001156,No,
LOAN001157,No,
LOAN001158,No,
LOAN001159,No,
LOAN001160,Yes,2025-03-26
LOAN001161,No,
LOAN001162,No,
LOAN001163,No,
LOAN001164,No,
LOAN001165,No,
LOAN001166,No,
LOAN001167,No,
LOAN001168,No,
LOAN001169,No,
LOAN001170,No,
LOAN001171,No,
LOAN001172,No,
LOAN001173,No,
LOAN001174,No,
LOAN001175,No,
LOAN001176,No,
LOAN001177,No,
LOAN001178,No,
LOAN001179,No,
LOAN001180,No,
LOAN001181,No,
LOAN001182,No,
LOAN001183,No,
LOAN001184,No,
LOAN001185,No,
LOAN001186,No,
LOAN001187,Yes,04/07/2023
LOAN001188,No,
LOAN001189,No,
LOAN001190,No,
LOAN001191,No,
LOAN001192,No,
LOAN001193,No,
LOAN001194,No,
LOAN001195,No,
LOAN001196,No,
LOAN001197,No,
LOAN001198,No,
LOAN001199,No,
LOAN001200,No,
LOAN001201,No,
LOAN001202,No,
LOAN001203,No,
LOAN001204,No,
LOAN001205,No,
LOAN001206,No,
LOAN001207,No,
LOAN001208,Yes,2023-08-13
LOAN001209,No,
LOAN001210,No,
LOAN001211,No,
LOAN001212,No,
LOAN001213,Yes,2025-01-21
LOAN001214,No,
LOAN001215,No,
LOAN001216,No,
LOAN001217,Yes,2025-02-18
LOAN001218,No,
LOAN001219,No,
LOAN001220,No,
LOAN001221,No,
LOAN001222,No,
LOAN001223,No,
LOAN001224,No,
LOAN001225,No,
LOAN001226,No,
LOAN001227,No,
LOAN001228,Yes,09/07/2022
LOAN001229,No,
LOAN001230,No,
LOAN001231,No,
LOAN001232,No,
LOAN001233,No,
LOAN001234,No,
LOAN001235,No,
LOAN001236,No,
LOAN001237,No,
LOAN001238,No,
LOAN001239,No,
LOAN001240,No,
LOAN001241,No,
LOAN001242,No,
LOAN001243,No,
LOAN001244,No,
LOAN001245,No,
LOAN001246,Yes,11/07/2022
LOAN001247,No,
LOAN001248,No,
LOAN001249,No,
LOAN001250,Yes,12/09/2024
LOAN001251,No,
LOAN001252,No,
LOAN001253,No,
LOAN001254,No,
LOAN001255,No,
LOAN001256,No,
LOAN001257,No,
LOAN001258,No,
LOAN001259,No,
LOAN001260,No,
LOAN001261,No,
LOAN001262,No,
LOAN001263,Yes,2024-07-26
LOAN001264,No,
LOAN001265,No,
LOAN001266,No,
LOAN001267,No,
LOAN001268,No,
LOAN001269,No,
LOAN001270,No,
LOAN001271,Yes,2023-08-28
LOAN001272,No,
LOAN001273,No,
LOAN001274,No,
LOAN001275,No,
LOAN001276,No,
LOAN001277,No,
LOAN001278,No,
LOAN001279,No,
LOAN001280,No,
LOAN001281,No,
LOAN001282,No,
LOAN001283,No,
LOAN001284,No,
LOAN001285,No,
LOAN001286,No,
LOAN001287,No,
LOAN001288,No,
LOAN001289,Yes,2023-03-26
LOAN001290,Yes,04/04/2023
LOAN001291,Yes,2023-03-23
LOAN001292,No,
LOAN001293,No,
LOAN001294,No,
LOAN001295,No,
LOAN001296,No,
LOAN001297,No,
LOAN001298,No,
LOAN001299,No,
LOAN001300,No,
LOAN001301,No,
LOAN001302,Yes,20/11/2023
LOAN001303,Yes,09/06/2023
LOAN001304,No,
LOAN001305,No,
LOAN001306,No,
LOAN001307,No,
LOAN001308,No,
LOAN001309,No,
LOAN001310,No,
LOAN001311,No,
LOAN001312,No,
LOAN001313,No,
LOAN001314,No,
LOAN001315,Yes,2026-09-02
LOAN001316,No,
LOAN001317,No,
LOAN001318,No,
LOAN001319,No,
LOAN001320,No,
LOAN001321,Yes,20/09/2026
LOAN001322,No,
LOAN001323,No,
LOAN001324,No,
LOAN001325,No,
LOAN001326,No,
LOAN001327,No,
LOAN001328,No,
LOAN001329,No,
LOAN001330,No,
LOAN001331,No,
LOAN001332,No,
LOAN001333,No,
LOAN001334,No,
LOAN001335,No,
LOAN001336,Yes,2023-01-16
LOAN001337,No,
LOAN001338,No,
LOAN001339,No,
LOAN001340,No,
LOAN001341,No,
LOAN001342,No,
LOAN001343,No,
LOAN001344,No,
LOAN001345,No,
LOAN001346,No,
LOAN001347,Yes,2024-04-25
LOAN001348,No,
LOAN001349,No,
LOAN001350,No,
LOAN001351,No,
LOAN001352,No,
LOAN001353,No,
LOAN001354,No,
LOAN001355,No,
LOAN001356,No,
LOAN001357,No,
LOAN001358,No,
LOAN001359,No,
LOAN001360,No,
LOAN001361,No,
LOAN001362,No,
LOAN001363,No,
LOAN001364,No,
LOAN001365,No,
LOAN001366,Yes,08/01/2025
LOAN001367,No,
LOAN001368,No,
LOAN001369,No,
LOAN001370,Yes,12/02/2024
LOAN001371,No,
LOAN001372,No,
LOAN001373,No,
LOAN001374,No,
LOAN001375,No,
LOAN001376,No,
LOAN001377,No,
LOAN001378,No,
LOAN001379,No,
LOAN001380,No,
LOAN001381,No,
LOAN001382,Yes,2024-02-22
LOAN001383,No,
LOAN001384,No,
LOAN001385,No,
LOAN001386,No,
LOAN001387,No,
LOAN001388,No,
LOAN001389,No,
LOAN001390,No,
LOAN001391,No,
LOAN001392,No,
LOAN001393,No,
LOAN001394,No,
LOAN001395,Yes,2025-01-12
LOAN001396,No,
LOAN001397,No,
LOAN001398,Yes,2027-01-19
LOAN001399,Yes,2023-06-06
LOAN001400,No,
LOAN001401,No,
LOAN001402,No,
LOAN001403,No,
LOAN001404,No,
LOAN001405,No,
LOAN001406,No,
LOAN001407,No,
LOAN001408,No,
LOAN001409,No,
LOAN001410,No,
LOAN001411,No,
LOAN001412,Yes,16/01/2026
LOAN001413,No,
LOAN001414,No,
LOAN001415,No,
LOAN001416,No,
LOAN001417,No,
LOAN001418,No,
LOAN001419,Yes,2025-08-20
LOAN001420,No,
LOAN001421,No,
LOAN001422,No,
LOAN001423,No,
LOAN001424,No,
LOAN001425,No,
LOAN001426,No,
LOAN001427,No,
LOAN001428,No,
LOAN001429,No,
LOAN001430,No,
LOAN001431,Yes,2025-05-06
LOAN001432,No,
LOAN001433,No,
LOAN001434,No,
LOAN001435,No,
LOAN001436,No,
LOAN001437,No,
LOAN001438,No,
LOAN001439,No,
LOAN001440,No,
LOAN001441,No,
LOAN001442,No,
LOAN001443,No,
LOAN001444,No,
LOAN001445,No,
LOAN001446,No,
LOAN001447,No,
LOAN001448,No,
LOAN001449,No,
LOAN001450,No,
LOAN001451,No,
LOAN001452,No,
LOAN001453,No,
LOAN001454,No,
LOAN001455,No,
LOAN001456,No,
LOAN001457,No,
LOAN001458,No,
LOAN001459,Yes,12/09/2022
LOAN001460,Yes,11/01/2024
LOAN001461,No,
LOAN001462,No,
LOAN001463,No,
LOAN001464,No,
LOAN001465,No,
LOAN001466,No,
LOAN001467,Yes,2024-02-05
LOAN001468,No,
LOAN001469,No,
LOAN001470,No,
LOAN001471,No,
LOAN001472,No,
LOAN001473,No,
LOAN001474,Yes,2023-08-29
LOAN001475,No,
LOAN001476,No,
LOAN001477,No,
LOAN001478,No,
LOAN001479,No,
LOAN001480,Yes,2025-06-27
LOAN001481,No,
LOAN001482,No,
LOAN001483,No,
LOAN001484,No,
LOAN001485,No,
LOAN001486,No,
LOAN001487,No,
LOAN001488,No,
LOAN001489,No,
LOAN001490,Yes,04/05/2027
LOAN001491,No,
LOAN001492,No,
LOAN001493,Yes,03/12/2026
LOAN001494,No,
LOAN001495,No,
LOAN001496,No,
LOAN001497,No,
LOAN001498,No,
LOAN001499,No,
LOAN001500,No,
LOAN001501,Yes,14/01/2027
LOAN001502,Yes,2023-10-24
LOAN001503,Yes,28/09/2026
LOAN001504,No,
LOAN001505,No,
LOAN001506,No,
LOAN001507,Yes,2022-06-20
LOAN001508,No,
LOAN001509,No,
LOAN001510,No,
LOAN001511,No,
LOAN001512,No,
LOAN001513,No,
LOAN001514,No,
LOAN001515,No,
LOAN001516,No,
LOAN001517,No,
LOAN001518,Yes,11/02/2025
LOAN001519,No,
LOAN001520,No,
LOAN001521,No,
LOAN001522,No,
LOAN001523,No,
LOAN001524,No,
LOAN001525,No,
LOAN001526,No,
LOAN001527,No,
LOAN001528,No,
LOAN001529,No,
LOAN001530,No,
LOAN001531,No,
LOAN001532,No,
LOAN001533,No,
LOAN001534,No,
LOAN001535,No,
LOAN001536,No,
LOAN001537,No,
LOAN001538,No,
LOAN001539,No,
LOAN001540,No,
LOAN001541,No,
LOAN001542,No,
LOAN001543,No,
LOAN001544,No,
LOAN001545,No,
LOAN001546,No,
LOAN001547,No,
LOAN001548,No,
LOAN001549,No,
LOAN001550,No,
LOAN001551,No,
LOAN001552,No,
LOAN001553,No,
LOAN001554,No,
LOAN001555,No,
LOAN001556,No,
LOAN001557,No,
LOAN001558,No,
LOAN001559,No,
LOAN001560,No,
LOAN001561,No,
LOAN001562,No,
LOAN001563,No,
LOAN001564,No,
LOAN001565,No,
LOAN001566,No,
LOAN001567,No,
LOAN001568,No,
LOAN001569,No,
LOAN001570,No,
LOAN001571,No,
LOAN001572,No,
LOAN001573,No,
LOAN001574,No,
LOAN001575,No,
LOAN001576,No,
LOAN001577,No,
LOAN001578,No,
LOAN001579,No,
LOAN001580,No,
LOAN001581,No,
LOAN001582,No,
LOAN001583,No,
LOAN001584,No,
LOAN001585,No,
LOAN001586,No,
LOAN001587,No,
LOAN001588,No,
LOAN001589,No,
LOAN001590,No,
LOAN001591,No,
LOAN001592,No,
LOAN001593,No,
LOAN001594,No,
LOAN001595,No,
LOAN001596,No,
LOAN001597,No,
LOAN001598,No,
LOAN001599,No,
LOAN001600,No,
LOAN001601,No,
LOAN001602,No,
LOAN001603,No,
LOAN001604,No,
LOAN001605,No,
LOAN001606,No,
LOAN001607,No,
LOAN001608,No,
LOAN001609,No,
LOAN001610,No,
LOAN001611,No,
LOAN001612,No,
LOAN001613,No,
LOAN001614,No,
LOAN001615,No,
LOAN001616,No,
LOAN001617,No,
LOAN001618,No,
LOAN001619,No,
LOAN001620,No,
LOAN001621,No,
LOAN001622,No,
LOAN001623,No,
LOAN001624,No,
LOAN001625,No,
LOAN001626,No,
LOAN001627,No,
LOAN001628,No,
LOAN001629,No,
LOAN001630,No,
LOAN001631,No,
LOAN001632,No,
LOAN001633,No,
LOAN001634,Yes,2023-10-29
LOAN001635,No,
LOAN001636,No,
LOAN001637,No,
LOAN001638,No,
LOAN001639,No,
LOAN001640,No,
LOAN001641,No,
LOAN001642,No,
LOAN001643,No,
LOAN001644,No,
LOAN001645,No,
LOAN001646,No,
LOAN001647,No,
LOAN001648,No,
LOAN001649,No,
LOAN001650,No,
LOAN001651,No,
LOAN001652,No,
LOAN001653,No,
LOAN001654,No,
LOAN001655,No,
LOAN001656,No,
LOAN001657,No,
LOAN001658,No,
LOAN001659,No,
LOAN001660,Yes,2024-05-18
LOAN001661,No,
LOAN001662,No,
LOAN001663,No,
LOAN001664,No,
LOAN001665,No,
LOAN001666,No,
LOAN001667,No,
LOAN001668,No,
LOAN001669,No,
LOAN001670,No,
LOAN001671,No,
LOAN001672,No,
LOAN001673,No,
LOAN001674,Yes,03/07/2025
LOAN001675,No,
LOAN001676,No,
LOAN001677,No,
LOAN001678,No,
LOAN001679,No,
LOAN001680,No,
LOAN001681,No,
LOAN001682,No,
LOAN001683,No,
LOAN001684,No,
LOAN001685,No,
LOAN001686,No,
LOAN001687,No,
LOAN001688,No,
LOAN001689,No,
LOAN001690,No,
LOAN001691,No,
LOAN001692,No,
LOAN001693,No,
LOAN001694,No,
LOAN001695,No,
LOAN001696,No,
LOAN001697,No,
LOAN001698,No,
LOAN001699,No,
LOAN001700,No,
LOAN001701,No,
LOAN001702,No,
LOAN001703,No,
LOAN001704,No,
LOAN001705,No,
LOAN001706,No,
LOAN001707,No,
LOAN001708,Yes,11/04/2025
LOAN001709,No,
LOAN001710,No,
LOAN001711,Yes,04/12/2026
LOAN001712,No,
LOAN001713,No,
LOAN001714,No,
LOAN001715,No,
LOAN001716,No,
LOAN001717,No,
LOAN001718,Yes,2023-12-15
LOAN001719,No,
LOAN001720,No,
LOAN001721,No,
LOAN001722,No,
LOAN001723,No,
LOAN001724,No,
LOAN001725,No,
LOAN001726,No,
LOAN001727,No,
LOAN001728,No,
LOAN001729,No,
LOAN001730,No,
LOAN001731,No,
LOAN001732,No,
LOAN001733,No,
LOAN001734,No,
LOAN001735,No,
LOAN001736,No,
LOAN001737,Yes,10/10/2024
LOAN001738,No,
LOAN001739,No,
LOAN001740,No,
LOAN001741,No,
LOAN001742,No,
LOAN001743,No,
LOAN001744,No,
LOAN001745,No,
LOAN001746,No,
LOAN001747,No,
LOAN001748,No,
LOAN001749,No,
LOAN001750,No,
LOAN001751,No,
LOAN001752,No,
LOAN001753,No,
LOAN001754,No,
LOAN001755,No,
LOAN001756,No,
LOAN001757,No,
LOAN001758,Yes,04/11/2024
LOAN001759,No,
LOAN001760,No,
LOAN001761,Yes,08/10/2023
LOAN001762,No,
LOAN001763,No,
LOAN001764,No,
LOAN001765,No,
LOAN001766,No,
LOAN001767,No,
LOAN001768,No,
LOAN001769,No,
LOAN001770,No,
LOAN001771,Yes,2021-09-04
LOAN001772,No,
LOAN001773,No,
LOAN001774,No,
LOAN001775,No,
LOAN001776,No,
LOAN001777,No,
LOAN001778,No,
LOAN001779,No,
LOAN001780,No,
LOAN001781,No,
LOAN001782,No,
LOAN001783,No,
LOAN001784,No,
LOAN001785,No,
LOAN001786,No,
LOAN001787,No,
LOAN001788,No,
LOAN001789,No,
LOAN001790,No,
LOAN001791,No,
LOAN001792,No,
LOAN001793,No,
LOAN001794,No,
LOAN001795,No,
LOAN001796,No,
LOAN001797,No,
LOAN001798,No,
LOAN001799,No,
LOAN001800,No,
LOAN001801,No,
LOAN001802,No,
LOAN001803,No,
LOAN001804,No,
LOAN001805,No,
LOAN001806,No,
LOAN001807,No,
LOAN001808,No,
LOAN001809,No,
LOAN001810,No,
LOAN001811,No,
LOAN001812,No,
LOAN001813,No,
LOAN001814,No,
LOAN001815,No,
LOAN001816,No,
LOAN001817,No,
LOAN001818,No,
LOAN001819,No,
LOAN001820,No,
LOAN001821,No,
LOAN001822,No,
LOAN001823,No,
LOAN001824,No,
LOAN001825,No,
LOAN001826,No,
LOAN001827,No,
LOAN001828,No,
LOAN001829,No,
LOAN001830,No,
LOAN001831,No,
LOAN001832,No,
LOAN001833,Yes,17/08/2022
LOAN001834,No,
LOAN001835,No,
LOAN001836,No,
LOAN001837,No,
LOAN001838,No,
LOAN001839,No,
LOAN001840,No,
LOAN001841,No,
LOAN001842,No,
LOAN001843,No,
LOAN001844,No,
LOAN001845,No,
LOAN001846,No,
LOAN001847,Yes,2022-10-31
LOAN001848,No,
LOAN001849,No,
LOAN001850,No,
LOAN001851,No,
LOAN001852,No,
LOAN001853,No,
LOAN001854,No,
LOAN001855,No,
LOAN001856,No,
LOAN001857,No,
LOAN001858,No,
LOAN001859,No,
LOAN001860,No,
LOAN001861,Yes,2026-05-30
LOAN001862,No,
LOAN001863,No,
LOAN001864,Yes,16/12/2022
LOAN001865,No,
LOAN001866,No,
LOAN001867,No,
LOAN001868,No,
LOAN001869,No,
LOAN001870,No,
LOAN001871,No,
LOAN001872,No,
LOAN001873,No,
LOAN001874,Yes,06/04/2023
LOAN001875,No,
LOAN001876,No,
LOAN001877,No,
LOAN001878,Yes,23/08/2025
LOAN001879,No,
LOAN001880,No,
LOAN001881,Yes,04/04/2025
LOAN001882,No,
LOAN001883,No,
LOAN001884,No,
LOAN001885,No,
LOAN001886,No,
LOAN001887,No,
LOAN001888,No,
LOAN001889,No,
LOAN001890,No,
LOAN001891,No,
LOAN001892,No,
LOAN001893,No,
LOAN001894,No,
LOAN001895,No,
LOAN001896,No,
LOAN001897,No,
LOAN001898,No,
LOAN001899,No,
LOAN001900,No,
LOAN001901,No,
LOAN001902,No,
LOAN001903,No,
LOAN001904,No,
LOAN001905,No,
LOAN001906,No,
LOAN001907,No,
LOAN001908,No,
LOAN001909,No,
LOAN001910,No,
LOAN001911,No,
LOAN001912,No,
LOAN001913,No,
LOAN001914,No,
LOAN001915,No,
LOAN001916,No,
LOAN001917,No,
LOAN001918,No,
LOAN001919,No,
LOAN001920,No,
LOAN001921,Yes,2023-02-26
LOAN001922,No,
LOAN001923,No,
LOAN001924,No,
LOAN001925,Yes,15/04/2026
LOAN001926,No,
LOAN001927,No,
LOAN001928,No,
LOAN001929,No,
LOAN001930,No,
LOAN001931,No,
LOAN001932,No,
LOAN001933,No,
LOAN001934,Yes,18/08/2026
LOAN001935,No,
LOAN001936,No,
LOAN001937,No,
LOAN001938,No,
LOAN001939,No,
LOAN001940,Yes,19/09/2024
LOAN001941,No,
LOAN001942,No,
LOAN001943,No,
LOAN001944,No,
LOAN001945,Yes,09/03/2023
LOAN001946,No,
LOAN001947,No,
LOAN001948,No,
LOAN001949,No,
LOAN001950,No,
LOAN001951,No,
LOAN001952,No,
LOAN001953,No,
LOAN001954,No,
LOAN001955,No,
LOAN001956,No,
LOAN001957,No,
LOAN001958,No,
LOAN001959,No,
LOAN001960,No,
LOAN001961,No,
LOAN001962,No,
LOAN001963,No,
LOAN001964,No,
LOAN001965,No,
LOAN001966,No,
LOAN001967,No,
LOAN001968,No,
LOAN001969,Yes,2024-08-14
LOAN001970,No,
LOAN001971,No,
LOAN001972,No,
LOAN001973,No,
LOAN001974,No,
LOAN001975,No,
LOAN001976,No,
LOAN001977,No,
LOAN001978,No,
LOAN001979,No,
LOAN001980,No,
LOAN001981,No,
LOAN001982,No,
LOAN001983,No,
LOAN001984,No,
LOAN001985,No,
LOAN001986,No,
LOAN001987,No,
LOAN001988,No,
LOAN001989,No,
LOAN001990,No,
LOAN001991,No,
LOAN001992,No,
LOAN001993,No,
LOAN001994,Yes,2024-09-25
LOAN001995,No,
LOAN001996,No,
LOAN001997,No,
LOAN001998,No,
LOAN001999,No,
LOAN002000,No,
LOAN002001,No,
LOAN002002,No,
LOAN002003,No,
LOAN002004,No,
LOAN002005,No,
LOAN002006,No,
LOAN002007,No,
LOAN002008,No,
LOAN002009,No,
LOAN002010,No,
LOAN002011,No,
LOAN002012,No,
LOAN002013,No,
LOAN002014,No,
LOAN002015,No,
LOAN002016,No,
LOAN002017,Yes,14/08/2024
LOAN002018,No,
LOAN002019,No,
LOAN002020,No,
LOAN002021,Yes,2023-12-20
LOAN002022,No,
LOAN002023,Yes,2025-10-29
LOAN002024,No,
LOAN002025,No,
LOAN002026,No,
LOAN002027,No,
LOAN002028,No,
LOAN002029,Yes,2026-02-19
LOAN002030,No,
LOAN002031,No,
LOAN002032,No,
LOAN002033,No,
LOAN002034,No,
LOAN002035,No,
LOAN002036,No,
LOAN002037,No,
LOAN002038,No,
LOAN002039,No,
LOAN002040,No,
LOAN002041,No,
LOAN002042,No,
LOAN002043,No,
LOAN002044,No,
LOAN002045,No,
LOAN002046,No,
LOAN002047,No,
LOAN002048,No,
LOAN002049,No,
LOAN002050,No,
LOAN002051,No,
LOAN002052,No,
LOAN002053,No,
LOAN002054,No,
LOAN002055,No,
LOAN002056,No,
LOAN002057,No,
LOAN002058,No,
LOAN002059,No,
LOAN002060,No,
LOAN002061,No,
LOAN002062,No,
LOAN002063,No,
LOAN002064,No,
LOAN002065,No,
LOAN002066,No,
LOAN002067,No,
LOAN002068,No,
LOAN002069,No,
LOAN002070,Yes,2025-04-09
LOAN002071,No,
LOAN002072,No,
LOAN002073,No,
LOAN002074,No,
LOAN002075,No,
LOAN002076,No,
LOAN002077,No,
LOAN002078,No,
LOAN002079,No,
LOAN002080,No,
LOAN002081,No,
LOAN002082,No,
LOAN002083,No,
LOAN002084,No,
LOAN002085,No,
LOAN002086,No,
LOAN002087,No,
LOAN002088,No,
LOAN002089,Yes,2025-08-31
LOAN002090,No,
LOAN002091,No,
LOAN002092,No,
LOAN002093,No,
LOAN002094,No,
LOAN002095,No,
LOAN002096,No,
LOAN002097,No,
LOAN002098,No,
LOAN002099,Yes,18/07/2025
LOAN002100,No,
LOAN002101,No,
LOAN002102,No,
LOAN002103,No,
LOAN002104,No,
LOAN002105,No,
LOAN002106,No,
LOAN002107,No,
LOAN002108,No,
LOAN002109,No,
LOAN002110,No,
LOAN002111,No,
LOAN002112,No,
LOAN002113,No,
LOAN002114,No,
LOAN002115,No,
LOAN002116,No,
LOAN002117,No,
LOAN002118,No,
LOAN002119,Yes,2022-11-17
LOAN002120,Yes,2022-12-02
LOAN002121,No,
LOAN002122,No,
LOAN002123,No,
LOAN002124,No,
LOAN002125,No,
LOAN002126,No,
LOAN002127,No,
LOAN002128,No,
LOAN002129,No,
LOAN002130,Yes,15/07/2024
LOAN002131,No,
LOAN002132,Yes,18/02/2026
LOAN002133,No,
LOAN002134,No,
LOAN002135,No,
LOAN002136,Yes,11/03/2027
LOAN002137,No,
LOAN002138,No,
LOAN002139,Yes,2024-04-22
LOAN002140,No,
LOAN002141,Yes,04/07/2024
LOAN002142,No,
LOAN002143,No,
LOAN002144,No,
LOAN002145,No,
LOAN002146,No,
LOAN002147,No,
LOAN002148,No,
LOAN002149,No,
LOAN002150,No,
LOAN002151,No,
LOAN002152,No,
LOAN002153,No,
LOAN002154,No,
LOAN002155,No,
LOAN002156,No,
LOAN002157,No,
LOAN002158,No,
LOAN002159,No,
LOAN002160,No,
LOAN002161,No,
LOAN002162,No,
LOAN002163,No,
LOAN002164,No,
LOAN002165,No,
LOAN002166,No,
LOAN002167,No,
LOAN002168,No,
LOAN002169,No,
LOAN002170,No,
LOAN002171,No,
LOAN002172,No,
LOAN002173,No,
LOAN002174,No,
LOAN002175,No,
LOAN002176,Yes,19/05/2028
LOAN002177,No,
LOAN002178,Yes,2023-05-31
LOAN002179,No,
LOAN002180,No,
LOAN002181,No,
LOAN002182,No,
LOAN002183,No,
LOAN002184,No,
LOAN002185,No,
LOAN002186,No,
LOAN002187,No,
LOAN002188,No,
LOAN002189,No,
LOAN002190,No,
LOAN002191,No,
LOAN002192,No,
LOAN002193,No,
LOAN002194,No,
LOAN002195,No,
LOAN002196,No,
LOAN002197,No,
LOAN002198,No,
LOAN002199,No,
LOAN002200,No,
LOAN002201,No,
LOAN002202,Yes,20/10/2025
LOAN002203,No,
LOAN002204,Yes,2024-11-07
LOAN002205,No,
LOAN002206,No,
LOAN002207,No,
LOAN002208,No,
LOAN002209,No,
LOAN002210,No,
LOAN002211,No,
LOAN002212,No,
LOAN002213,No,
LOAN002214,No,
LOAN002215,No,
LOAN002216,No,
LOAN002217,No,
LOAN002218,No,
LOAN002219,No,
LOAN002220,No,
LOAN002221,No,
LOAN002222,No,
LOAN002223,No,
LOAN002224,No,
LOAN002225,No,
LOAN002226,No,
LOAN002227,No,
LOAN002228,No,
LOAN002229,No,
LOAN002230,No,
LOAN002231,No,
LOAN002232,No,
LOAN002233,No,
LOAN002234,No,
LOAN002235,No,
LOAN002236,No,
LOAN002237,No,
LOAN002238,No,
LOAN002239,No,
LOAN002240,No,
LOAN002241,No,
LOAN002242,No,
LOAN002243,No,
LOAN002244,No,
LOAN002245,No,
LOAN002246,No,
LOAN002247,Yes,05/05/2022
LOAN002248,Yes,15/06/2024
LOAN002249,No,
LOAN002250,No,
LOAN002251,No,
LOAN002252,No,
LOAN002253,No,
LOAN002254,No,
LOAN002255,No,
LOAN002256,No,
LOAN002257,No,
LOAN002258,No,
LOAN002259,No,
LOAN002260,Yes,2026-04-06
LOAN002261,No,
LOAN002262,Yes,2024-08-25
LOAN002263,No,
LOAN002264,No,
LOAN002265,No,
LOAN002266,No,
LOAN002267,No,
LOAN002268,No,
LOAN002269,No,
LOAN002270,No,
LOAN002271,No,
LOAN002272,No,
LOAN002273,Yes,09/08/2025
LOAN002274,No,
LOAN002275,No,
LOAN002276,No,
LOAN002277,No,
LOAN002278,No,
LOAN002279,No,
LOAN002280,No,
LOAN002281,No,
LOAN002282,No,
LOAN002283,No,
LOAN002284,No,
LOAN002285,No,
LOAN002286,No,
LOAN002287,No,
LOAN002288,No,
LOAN002289,No,
LOAN002290,No,
LOAN002291,No,
LOAN002292,Yes,04/06/2025
LOAN002293,No,
LOAN002294,No,
LOAN002295,Yes,2025-09-17
LOAN002296,No,
LOAN002297,Yes,2023-10-09
LOAN002298,No,
LOAN002299,Yes,2025-06-06
LOAN002300,Yes,05/11/2023
LOAN002301,Yes,2025-04-03
LOAN002302,No,
LOAN002303,Yes,23/04/2027
LOAN002304,No,
LOAN002305,No,
LOAN002306,No,
LOAN002307,Yes,2023-08-06
LOAN002308,No,
LOAN002309,No,
LOAN002310,No,
LOAN002311,No,
LOAN002312,No,
LOAN002313,No,
LOAN002314,No,
LOAN002315,No,
LOAN002316,No,
LOAN002317,No,
LOAN002318,No,
LOAN002319,No,
LOAN002320,No,
LOAN002321,Yes,18/02/2025
LOAN002322,No,
LOAN002323,No,
LOAN002324,No,
LOAN002325,No,
LOAN002326,No,
LOAN002327,No,
LOAN002328,No,
LOAN002329,No,
LOAN002330,No,
LOAN002331,No,
LOAN002332,No,
LOAN002333,No,
LOAN002334,No,
LOAN002335,No,
LOAN002336,No,
LOAN002337,No,
LOAN002338,No,
LOAN002339,Yes,06/03/2025
LOAN002340,No,
LOAN002341,No,
LOAN002342,Yes,2024-06-29
LOAN002343,No,
LOAN002344,No,
LOAN002345,No,
LOAN002346,No,
LOAN002347,No,
LOAN002348,No,
LOAN002349,No,
LOAN002350,No,
LOAN002351,No,
LOAN002352,No,
LOAN002353,No,
LOAN002354,No,
LOAN002355,No,
LOAN002356,No,
LOAN002357,No,
LOAN002358,No,
LOAN002359,No,
LOAN002360,No,
LOAN002361,No,
LOAN002362,Yes,2026-06-02
LOAN002363,No,
LOAN002364,No,
LOAN002365,No,
LOAN002366,No,
LOAN002367,No,
LOAN002368,Yes,16/09/2025
LOAN002369,No,
LOAN002370,No,
LOAN002371,No,
LOAN002372,No,
LOAN002373,No,
LOAN002374,No,
LOAN002375,No,
LOAN002376,Yes,03/12/2023
LOAN002377,No,
LOAN002378,No,
LOAN002379,No,
LOAN002380,No,
LOAN002381,No,
LOAN002382,No,
LOAN002383,No,
LOAN002384,No,
LOAN002385,No,
LOAN002386,No,
LOAN002387,No,
LOAN002388,Yes,25/02/2025
LOAN002389,No,
LOAN002390,No,
LOAN002391,No,
LOAN002392,No,
LOAN002393,No,
LOAN002394,No,
LOAN002395,No,
LOAN002396,No,
LOAN002397,No,
LOAN002398,No,
LOAN002399,No,
LOAN002400,No,
LOAN002401,No,
LOAN002402,No,
LOAN002403,No,
LOAN002404,No,
LOAN002405,No,
LOAN002406,No,
LOAN002407,No,
LOAN002408,No,
LOAN002409,No,
LOAN002410,No,
LOAN002411,No,
LOAN002412,No,
LOAN002413,No,
LOAN002414,No,
LOAN002415,No,
LOAN002416,No,
LOAN002417,No,
LOAN002418,No,
LOAN002419,No,
LOAN002420,No,
LOAN002421,No,
LOAN002422,No,
LOAN002423,No,
LOAN002424,No,
LOAN002425,No,
LOAN002426,No,
LOAN002427,No,
LOAN002428,No,
LOAN002429,No,
LOAN002430,No,
LOAN002431,No,
LOAN002432,No,
LOAN002433,No,
LOAN002434,No,
LOAN002435,No,
LOAN002436,No,
LOAN002437,No,
LOAN002438,No,
LOAN002439,No,
LOAN002440,No,
LOAN002441,No,
LOAN002442,No,
LOAN002443,No,
LOAN002444,No,
LOAN002445,No,
LOAN002446,No,
LOAN002447,No,
LOAN002448,No,
LOAN002449,No,
LOAN002450,No,
LOAN002451,No,
LOAN002452,No,
LOAN002453,No,
LOAN002454,No,
LOAN002455,No,
LOAN002456,No,
LOAN002457,No,
LOAN002458,Yes,31/05/2023
LOAN002459,No,
LOAN002460,No,
LOAN002461,No,
LOAN002462,No,
LOAN002463,No,
LOAN002464,No,
LOAN002465,No,
LOAN002466,No,
LOAN002467,No,
LOAN002468,No,
LOAN002469,No,
LOAN002470,No,
LOAN002471,No,
LOAN002472,No,
LOAN002473,No,
LOAN002474,No,
LOAN002475,No,
LOAN002476,No,
LOAN002477,No,
LOAN002478,No,
LOAN002479,No,
LOAN002480,No,
LOAN002481,No,
LOAN002482,No,
LOAN002483,No,
LOAN002484,No,
LOAN002485,No,
LOAN002486,No,
LOAN002487,No,
LOAN002488,No,
LOAN002489,No,
LOAN002490,No,
LOAN002491,No,
LOAN002492,No,
LOAN002493,No,
LOAN002494,No,
LOAN002495,Yes,09/12/2025
LOAN002496,No,
LOAN002497,Yes,2023-03-22
LOAN002498,No,
LOAN002499,No,
LOAN002500,No,
LOAN002501,No,
LOAN002502,No,
LOAN002503,No,
LOAN002504,No,
LOAN002505,No,
LOAN002506,No,
LOAN002507,No,
LOAN002508,No,
LOAN002509,No,
LOAN002510,No,
LOAN002511,No,
LOAN002512,No,
LOAN002513,No,
LOAN002514,No,
LOAN002515,No,
LOAN002516,No,
LOAN002517,No,
LOAN002518,No,
LOAN002519,No,
LOAN002520,No,
LOAN002521,No,
LOAN002522,No,
LOAN002523,No,
LOAN002524,No,
LOAN002525,No,
LOAN002526,No,
LOAN002527,No,
LOAN002528,No,
LOAN002529,No,
LOAN002530,No,
LOAN002531,Yes,02/07/2022
LOAN002532,No,
LOAN002533,No,
LOAN002534,No,
LOAN002535,No,
LOAN002536,No,
LOAN002537,No,
LOAN002538,No,
LOAN002539,No,
LOAN002540,No,
LOAN002541,No,
LOAN002542,No,
LOAN002543,No,
LOAN002544,No,
LOAN002545,No,
LOAN002546,No,
LOAN002547,No,
LOAN002548,No,
LOAN002549,No,
LOAN002550,No,
LOAN002551,No,
LOAN002552,No,
LOAN002553,No,
LOAN002554,No,
LOAN002555,No,
LOAN002556,Yes,2023-09-07
LOAN002557,No,
LOAN002558,No,
LOAN002559,No,
LOAN002560,No,
LOAN002561,No,
LOAN002562,Yes,2024-05-01
LOAN002563,No,
LOAN002564,No,
LOAN002565,No,
LOAN002566,No,
LOAN002567,No,
LOAN002568,No,
LOAN002569,No,
LOAN002570,No,
LOAN002571,No,
LOAN002572,No,
LOAN002573,No,
LOAN002574,No,
LOAN002575,No,
LOAN002576,No,
LOAN002577,No,
LOAN002578,No,
LOAN002579,No,
LOAN002580,No,
LOAN002581,No,
LOAN002582,No,
LOAN002583,No,
LOAN002584,No,
LOAN002585,No,
LOAN002586,No,
LOAN002587,No,
LOAN002588,No,
LOAN002589,No,
LOAN002590,No,
LOAN002591,Yes,09/11/2023
LOAN002592,No,
LOAN002593,No,
LOAN002594,No,
LOAN002595,Yes,2022-02-20
LOAN002596,No,
LOAN002597,No,
LOAN002598,No,
LOAN002599,Yes,2026-11-21
LOAN002600,No,
LOAN002601,No,
LOAN002602,No,
LOAN002603,No,
LOAN002604,No,
LOAN002605,No,
LOAN002606,No,
LOAN002607,No,
LOAN002608,No,
LOAN002609,No,
LOAN002610,No,
LOAN002611,No,
LOAN002612,No,
LOAN002613,No,
LOAN002614,No,
LOAN002615,No,
LOAN002616,No,
LOAN002617,No,
LOAN002618,No,
LOAN002619,No,
LOAN002620,No,
LOAN002621,No,
LOAN002622,No,
LOAN002623,No,
LOAN002624,No,
LOAN002625,No,
LOAN002626,No,
LOAN002627,No,
LOAN002628,No,
LOAN002629,No,
LOAN002630,No,
LOAN002631,No,
LOAN002632,No,
LOAN002633,No,
LOAN002634,No,
LOAN002635,No,
LOAN002636,No,
LOAN002637,No,
LOAN002638,No,
LOAN002639,No,
LOAN002640,No,
LOAN002641,No,
LOAN002642,No,
LOAN002643,No,
LOAN002644,No,
LOAN002645,Yes,20/11/2023
LOAN002646,No,
LOAN002647,No,
LOAN002648,No,
LOAN002649,No,
LOAN002650,No,
LOAN002651,No,
LOAN002652,No,
LOAN002653,No,
LOAN002654,No,
LOAN002655,No,
LOAN002656,No,
LOAN002657,No,
LOAN002658,No,
LOAN002659,No,
LOAN002660,No,
LOAN002661,No,
LOAN002662,No,
LOAN002663,No,
LOAN002664,No,
LOAN002665,Yes,2027-04-28
LOAN002666,Yes,17/04/2023
LOAN002667,No,
LOAN002668,No,
LOAN002669,No,
LOAN002670,No,
LOAN002671,No,
LOAN002672,No,
LOAN002673,No,
LOAN002674,No,
LOAN002675,No,
LOAN002676,No,
LOAN002677,No,
LOAN002678,No,
LOAN002679,No,
LOAN002680,No,
LOAN002681,No,
LOAN002682,No,
LOAN002683,Yes,2022-09-03
LOAN002684,No,
LOAN002685,No,
LOAN002686,No,
LOAN002687,No,
LOAN002688,No,
LOAN002689,Yes,2025-01-14
LOAN002690,No,
LOAN002691,No,
LOAN002692,No,
LOAN002693,No,
LOAN002694,No,
LOAN002695,No,
LOAN002696,No,
LOAN002697,No,
LOAN002698,No,
LOAN002699,No,
LOAN002700,No,
LOAN002701,No,
LOAN002702,No,
LOAN002703,No,
LOAN002704,No,
LOAN002705,No,
LOAN002706,Yes,2025-10-06
LOAN002707,No,
LOAN002708,No,
LOAN002709,No,
LOAN002710,No,
LOAN002711,No,
LOAN002712,No,
LOAN002713,No,
LOAN002714,No,
LOAN002715,No,
LOAN002716,No,
LOAN002717,No,
LOAN002718,No,
LOAN002719,No,
LOAN002720,No,
LOAN002721,No,
LOAN002722,Yes,11/04/2022
LOAN002723,No,
LOAN002724,No,
LOAN002725,No,
LOAN002726,Yes,09/08/2022
LOAN002727,No,
LOAN002728,No,
LOAN002729,No,
LOAN002730,No,
LOAN002731,No,
LOAN002732,No,
LOAN002733,No,
LOAN002734,No,
LOAN002735,No,
LOAN002736,No,
LOAN002737,No,
LOAN002738,No,
LOAN002739,No,
LOAN002740,No,
LOAN002741,No,
LOAN002742,Yes,05/02/2024
LOAN002743,No,
LOAN002744,No,
LOAN002745,No,
LOAN002746,No,
LOAN002747,No,
LOAN002748,No,
LOAN002749,No,
LOAN002750,No,
LOAN002751,No,
LOAN002752,No,
LOAN002753,Yes,16/07/2027
LOAN002754,No,
LOAN002755,No,
LOAN002756,No,
LOAN002757,No,
LOAN002758,No,
LOAN002759,No,
LOAN002760,No,
LOAN002761,No,
LOAN002762,No,
LOAN002763,No,
LOAN002764,Yes,25/05/2024
LOAN002765,No,
LOAN002766,No,
LOAN002767,No,
LOAN002768,No,
LOAN002769,No,
LOAN002770,Yes,2024-10-12
LOAN002771,No,
LOAN002772,No,
LOAN002773,No,
LOAN002774,No,
LOAN002775,No,
LOAN002776,No,
LOAN002777,No,
LOAN002778,Yes,22/06/2027
LOAN002779,No,
LOAN002780,No,
LOAN002781,No,
LOAN002782,No,
LOAN002783,No,
LOAN002784,No,
LOAN002785,No,
LOAN002786,No,
LOAN002787,No,
LOAN002788,No,
LOAN002789,No,
LOAN002790,No,
LOAN002791,No,
LOAN002792,No,
LOAN002793,No,
LOAN002794,No,
LOAN002795,No,
LOAN002796,No,
LOAN002797,Yes,2025-04-07
LOAN002798,No,
LOAN002799,No,
LOAN002800,No,
LOAN002801,Yes,2025-05-21
LOAN002802,No,
LOAN002803,No,
LOAN002804,No,
LOAN002805,No,
LOAN002806,No,
LOAN002807,No,
LOAN002808,No,
LOAN002809,No,
LOAN002810,No,
LOAN002811,No,
LOAN002812,No,
LOAN002813,No,
LOAN002814,No,
LOAN002815,No,
LOAN002816,No,
LOAN002817,Yes,2023-09-23
LOAN002818,No,
LOAN002819,No,
LOAN002820,No,
LOAN002821,No,
LOAN002822,No,
LOAN002823,No,
LOAN002824,No,
LOAN002825,No,
LOAN002826,No,
LOAN002827,No,
LOAN002828,No,
LOAN002829,No,
LOAN002830,No,
LOAN002831,No,
LOAN002832,No,
LOAN002833,No,
LOAN002834,No,
LOAN002835,Yes,08/09/2026
LOAN002836,No,
LOAN002837,No,
LOAN002838,No,
LOAN002839,No,
LOAN002840,No,
LOAN002841,No,
LOAN002842,No,
LOAN002843,No,
LOAN002844,No,
LOAN002845,No,
LOAN002846,No,
LOAN002847,No,
LOAN002848,No,
LOAN002849,No,
LOAN002850,No,
LOAN002851,No,
LOAN002852,No,
LOAN002853,No,
LOAN002854,No,
LOAN002855,No,
LOAN002856,Yes,20/06/2022
LOAN002857,No,
LOAN002858,No,
LOAN002859,No,
LOAN002860,No,
LOAN002861,No,
LOAN002862,No,
LOAN002863,No,
LOAN002864,No,
LOAN002865,No,
LOAN002866,No,
LOAN002867,No,
LOAN002868,No,
LOAN002869,No,
LOAN002870,No,
LOAN002871,No,
LOAN002872,No,
LOAN002873,No,
LOAN002874,No,
LOAN002875,No,
LOAN002876,No,
LOAN002877,No,
LOAN002878,No,
LOAN002879,No,
LOAN002880,No,
LOAN002881,No,
LOAN002882,No,
LOAN002883,No,
LOAN002884,No,
LOAN002885,No,
LOAN002886,No,
LOAN002887,No,
LOAN002888,Yes,2023-06-06
LOAN002889,No,
LOAN002890,No,
LOAN002891,No,
LOAN002892,No,
LOAN002893,No,
LOAN002894,No,
LOAN002895,No,
LOAN002896,No,
LOAN002897,Yes,2027-05-01
LOAN002898,No,
LOAN002899,No,
LOAN002900,Yes,17/08/2024
LOAN002901,No,
LOAN002902,No,
LOAN002903,No,
LOAN002904,No,
LOAN002905,No,
LOAN002906,No,
LOAN002907,No,
LOAN002908,No,
LOAN002909,No,
LOAN002910,No,
LOAN002911,No,
LOAN002912,No,
LOAN002913,No,
LOAN002914,No,
LOAN002915,No,
LOAN002916,No,
LOAN002917,No,
LOAN002918,No,
LOAN002919,No,
LOAN002920,No,
LOAN002921,Yes,09/07/2027
LOAN002922,No,
LOAN002923,Yes,05/04/2027
LOAN002924,No,
LOAN002925,No,
LOAN002926,No,
LOAN002927,No,
LOAN002928,Yes,2026-02-16
LOAN002929,No,
LOAN002930,No,
LOAN002931,No,
LOAN002932,No,
LOAN002933,No,
LOAN002934,No,
LOAN002935,No,
LOAN002936,No,
LOAN002937,No,
LOAN002938,No,
LOAN002939,No,
LOAN002940,No,
LOAN002941,No,
LOAN002942,Yes,17/04/2026
LOAN002943,No,
LOAN002944,No,
LOAN002945,No,
LOAN002946,No,
LOAN002947,No,
LOAN002948,No,
LOAN002949,No,
LOAN002950,No,
LOAN002951,No,
LOAN002952,No,
LOAN002953,No,
LOAN002954,No,
LOAN002955,No,
LOAN002956,No,
LOAN002957,No,
LOAN002958,No,
LOAN002959,No,
LOAN002960,No,
LOAN002961,Yes,02/06/2026
LOAN002962,No,
LOAN002963,No,
LOAN002964,No,
LOAN002965,Yes,18/02/2024
LOAN002966,No,
LOAN002967,Yes,2025-12-26
LOAN002968,No,
LOAN002969,No,
LOAN002970,No,
LOAN002971,No,
LOAN002972,No,
LOAN002973,No,
LOAN002974,No,
LOAN002975,No,
LOAN002976,No,
LOAN002977,No,
LOAN002978,No,
LOAN002979,Yes,03/05/2023
LOAN002980,No,
LOAN002981,No,
LOAN002982,No,
LOAN002983,No,
LOAN002984,No,
LOAN002985,No,
LOAN002986,No,
LOAN002987,Yes,2025-12-06
LOAN002988,No,
LOAN002989,No,
LOAN002990,No,
LOAN002991,No,
LOAN002992,No,
LOAN002993,No,
LOAN002994,No,
LOAN002995,Yes,2028-01-25
LOAN002996,No,
LOAN002997,No,
LOAN002998,No,
LOAN002999,No,
LOAN003000,No,
LOAN003001,No,
LOAN003002,No,
LOAN003003,Yes,20/10/2025
LOAN003004,No,
LOAN003005,No,
LOAN003006,No,
LOAN003007,No,
LOAN003008,No,
LOAN003009,No,
LOAN003010,No,
LOAN003011,No,
LOAN003012,No,
LOAN003013,No,
LOAN003014,No,
LOAN003015,No,
LOAN003016,No,
LOAN003017,No,
LOAN003018,No,
LOAN003019,No,
LOAN003020,No,
LOAN003021,No,
LOAN003022,No,
LOAN003023,No,
LOAN003024,No,
LOAN003025,No,
LOAN003026,No,
LOAN003027,No,
LOAN003028,No,
LOAN003029,No,
LOAN003030,No,
LOAN003031,No,
LOAN003032,No,
LOAN003033,No,
LOAN003034,No,
LOAN003035,No,
LOAN003036,No,
LOAN003037,No,
LOAN003038,No,
LOAN003039,No,
LOAN003040,No,
LOAN003041,No,
LOAN003042,No,
LOAN003043,No,
LOAN003044,No,
LOAN003045,No,
LOAN003046,No,
LOAN003047,No,
LOAN003048,No,
LOAN003049,No,
LOAN003050,No,
LOAN003051,No,
LOAN003052,No,
LOAN003053,No,
LOAN003054,Yes,2024-05-04
LOAN003055,No,
LOAN003056,No,
LOAN003057,No,
LOAN003058,No,
LOAN003059,No,
LOAN003060,No,
LOAN003061,No,
LOAN003062,No,
LOAN003063,No,
LOAN003064,No,
LOAN003065,No,
LOAN003066,No,
LOAN003067,No,
LOAN003068,No,
LOAN003069,No,
LOAN003070,No,
LOAN003071,No,
LOAN003072,No,
LOAN003073,No,
LOAN003074,No,
LOAN003075,No,
LOAN003076,No,
LOAN003077,No,
LOAN003078,No,
LOAN003079,No,
LOAN003080,No,
LOAN003081,No,
LOAN003082,No,
LOAN003083,No,
LOAN003084,No,
LOAN003085,No,
LOAN003086,No,
LOAN003087,No,
LOAN003088,No,
LOAN003089,No,
LOAN003090,No,
LOAN003091,No,
LOAN003092,No,
LOAN003093,No,
LOAN003094,No,
LOAN003095,No,
LOAN003096,No,
LOAN003097,No,
LOAN003098,No,
LOAN003099,No,
LOAN003100,No,
LOAN003101,No,
LOAN003102,No,
LOAN003103,Yes,09/02/2024
LOAN003104,No,
LOAN003105,No,
LOAN003106,No,
LOAN003107,No,
LOAN003108,No,
LOAN003109,No,
LOAN003110,Yes,08/09/2024
LOAN003111,No,
LOAN003112,No,
LOAN003113,No,
LOAN003114,No,
LOAN003115,No,
LOAN003116,No,
LOAN003117,No,
LOAN003118,No,
LOAN003119,No,
LOAN003120,No,
LOAN003121,No,
LOAN003122,No,
LOAN003123,No,
LOAN003124,No,
LOAN003125,No,
LOAN003126,No,
LOAN003127,No,
LOAN003128,No,
LOAN003129,No,
LOAN003130,No,
LOAN003131,No,
LOAN003132,No,
LOAN003133,No,
LOAN003134,No,
LOAN003135,No,
LOAN003136,No,
LOAN003137,No,
LOAN003138,No,
LOAN003139,No,
LOAN003140,No,
LOAN003141,No,
LOAN003142,No,
LOAN003143,No,
LOAN003144,No,
LOAN003145,Yes,02/12/2026
LOAN003146,No,
LOAN003147,No,
LOAN003148,No,
LOAN003149,Yes,2022-05-27
LOAN003150,No,
LOAN003151,No,
LOAN003152,No,
LOAN003153,No,
LOAN003154,No,
LOAN003155,No,
LOAN003156,No,
LOAN003157,No,
LOAN003158,No,
LOAN003159,No,
LOAN003160,No,
LOAN003161,No,
LOAN003162,No,
LOAN003163,No,
LOAN003164,No,
LOAN003165,No,
LOAN003166,No,
LOAN003167,No,
LOAN003168,No,
LOAN003169,No,
LOAN003170,No,
LOAN003171,No,
LOAN003172,No,
LOAN003173,No,
LOAN003174,No,
LOAN003175,No,
LOAN003176,No,
LOAN003177,No,
LOAN003178,Yes,11/03/2027
LOAN003179,No,
LOAN003180,Yes,2022-07-10
LOAN003181,No,
LOAN003182,No,
LOAN003183,No,
LOAN003184,No,
LOAN003185,No,
LOAN003186,No,
LOAN003187,No,
LOAN003188,No,
LOAN003189,Yes,14/09/2026
LOAN003190,No,
LOAN003191,No,
LOAN003192,No,
LOAN003193,No,
LOAN003194,Yes,09/03/2024
LOAN003195,No,
LOAN003196,No,
LOAN003197,No,
LOAN003198,No,
LOAN003199,No,
LOAN003200,No,
LOAN003201,No,
LOAN003202,No,
LOAN003203,No,
LOAN003204,No,
LOAN003205,No,
LOAN003206,No,
LOAN003207,No,
LOAN003208,Yes,2025-01-27
LOAN003209,No,
LOAN003210,No,
LOAN003211,No,
LOAN003212,No,
LOAN003213,No,
LOAN003214,No,
LOAN003215,No,
LOAN003216,No,
LOAN003217,No,
LOAN003218,No,
LOAN003219,No,
LOAN003220,No,
LOAN003221,No,
LOAN003222,No,
LOAN003223,No,
LOAN003224,No,
LOAN003225,No,
LOAN003226,No,
LOAN003227,No,
LOAN003228,No,
LOAN003229,No,
LOAN003230,Yes,2026-12-18
LOAN003231,No,
LOAN003232,No,
LOAN003233,No,
LOAN003234,No,
LOAN003235,Yes,07/05/2026
LOAN003236,No,
LOAN003237,Yes,2026-01-15
LOAN003238,No,
LOAN003239,No,
LOAN003240,No,
LOAN003241,No,
LOAN003242,No,
LOAN003243,No,
LOAN003244,No,
LOAN003245,No,
LOAN003246,Yes,2024-10-05
LOAN003247,No,
LOAN003248,Yes,13/03/2026
LOAN003249,No,
LOAN003250,No,
LOAN003251,No,
LOAN003252,No,
LOAN003253,No,
LOAN003254,No,
LOAN003255,No,
LOAN003256,No,
LOAN003257,No,
LOAN003258,No,
LOAN003259,No,
LOAN003260,No,
LOAN003261,No,
LOAN003262,No,
LOAN003263,No,
LOAN003264,No,
LOAN003265,No,
LOAN003266,No,
LOAN003267,No,
LOAN003268,No,
LOAN003269,No,
LOAN003270,No,
LOAN003271,No,
LOAN003272,No,
LOAN003273,No,
LOAN003274,No,
LOAN003275,No,
LOAN003276,No,
LOAN003277,No,
LOAN003278,No,
LOAN003279,No,
LOAN003280,No,
LOAN003281,No,
LOAN003282,No,
LOAN003283,No,
LOAN003284,No,
LOAN003285,No,
LOAN003286,No,
LOAN003287,No,
LOAN003288,No,
LOAN003289,No,
LOAN003290,No,
LOAN003291,No,
LOAN003292,No,
LOAN003293,No,
LOAN003294,No,
LOAN003295,No,
LOAN003296,No,
LOAN003297,No,
LOAN003298,No,
LOAN003299,No,
LOAN003300,No,
LOAN003301,No,
LOAN003302,Yes,07/01/2024
LOAN003303,No,
LOAN003304,No,
LOAN003305,No,
LOAN003306,No,
LOAN003307,No,
LOAN003308,No,
LOAN003309,No,
LOAN003310,No,
LOAN003311,No,
LOAN003312,No,
LOAN003313,No,
LOAN003314,No,
LOAN003315,No,
LOAN003316,No,
LOAN003317,No,
LOAN003318,No,
LOAN003319,No,
LOAN003320,No,
LOAN003321,No,
LOAN003322,No,
LOAN003323,Yes,2024-10-19
LOAN003324,No,
LOAN003325,No,
LOAN003326,No,
LOAN003327,Yes,2023-07-20
LOAN003328,No,
LOAN003329,No,
LOAN003330,No,
LOAN003331,No,
LOAN003332,No,
LOAN003333,No,
LOAN003334,No,
LOAN003335,No,
LOAN003336,No,
LOAN003337,No,
LOAN003338,No,
LOAN003339,No,
LOAN003340,No,
LOAN003341,No,
LOAN003342,No,
LOAN003343,No,
LOAN003344,No,
LOAN003345,No,
LOAN003346,Yes,12/03/2026
LOAN003347,No,
LOAN003348,No,
LOAN003349,No,
LOAN003350,No,
LOAN003351,No,
LOAN003352,No,
LOAN003353,No,
LOAN003354,No,
LOAN003355,No,
LOAN003356,No,
LOAN003357,No,
LOAN003358,No,
LOAN003359,No,
LOAN003360,No,
LOAN003361,No,
LOAN003362,Yes,03/09/2022
LOAN003363,No,
LOAN003364,No,
LOAN003365,No,
LOAN003366,Yes,11/11/2025
LOAN003367,No,
LOAN003368,No,
LOAN003369,No,
LOAN003370,No,
LOAN003371,No,
LOAN003372,No,
LOAN003373,No,
LOAN003374,No,
LOAN003375,No,
LOAN003376,No,
LOAN003377,No,
LOAN003378,No,
LOAN003379,No,
LOAN003380,No,
LOAN003381,No,
LOAN003382,No,
LOAN003383,No,
LOAN003384,No,
LOAN003385,No,
LOAN003386,Yes,2025-04-27
LOAN003387,No,
LOAN003388,No,
LOAN003389,No,
LOAN003390,No,
LOAN003391,No,
LOAN003392,No,
LOAN003393,No,
LOAN003394,No,
LOAN003395,No,
LOAN003396,No,
LOAN003397,No,
LOAN003398,No,
LOAN003399,No,
LOAN003400,No,
LOAN003401,No,
LOAN003402,No,
LOAN003403,No,
LOAN003404,No,
LOAN003405,No,
LOAN003406,No,
LOAN003407,No,
LOAN003408,No,
LOAN003409,Yes,07/10/2022
LOAN003410,No,
LOAN003411,Yes,2024-02-13
LOAN003412,No,
LOAN003413,No,
LOAN003414,No,
LOAN003415,No,
LOAN003416,Yes,23/09/2025
LOAN003417,No,
LOAN003418,No,
LOAN003419,No,
LOAN003420,No,
LOAN003421,No,
LOAN003422,No,
LOAN003423,No,
LOAN003424,No,
LOAN003425,No,
LOAN003426,No,
LOAN003427,No,
LOAN003428,No,
LOAN003429,No,
LOAN003430,No,
LOAN003431,No,
LOAN003432,No,
LOAN003433,No,
LOAN003434,No,
LOAN003435,No,
LOAN003436,No,
LOAN003437,No,
LOAN003438,No,
LOAN003439,No,
LOAN003440,No,
LOAN003441,No,
LOAN003442,No,
LOAN003443,No,
LOAN003444,No,
LOAN003445,No,
LOAN003446,No,
LOAN003447,No,
LOAN003448,No,
LOAN003449,No,
LOAN003450,No,
LOAN003451,No,
LOAN003452,No,
LOAN003453,No,
LOAN003454,No,
LOAN003455,No,
LOAN003456,No,
LOAN003457,No,
LOAN003458,No,
LOAN003459,No,
LOAN003460,No,
LOAN003461,No,
LOAN003462,No,
LOAN003463,No,
LOAN003464,No,
LOAN003465,No,
LOAN003466,Yes,2025-10-04
LOAN003467,No,
LOAN003468,No,
LOAN003469,No,
LOAN003470,No,
LOAN003471,No,
LOAN003472,No,
LOAN003473,No,
LOAN003474,No,
LOAN003475,No,
LOAN003476,No,
LOAN003477,No,
LOAN003478,Yes,07/08/2024
LOAN003479,No,
LOAN003480,Yes,2025-02-02
LOAN003481,No,
LOAN003482,No,
LOAN003483,No,
LOAN003484,No,
LOAN003485,No,
LOAN003486,No,
LOAN003487,No,
LOAN003488,No,
LOAN003489,Yes,07/12/2022
LOAN003490,Yes,06/11/2025
LOAN003491,No,
LOAN003492,No,
LOAN003493,No,
LOAN003494,No,
LOAN003495,No,
LOAN003496,No,
LOAN003497,No,
LOAN003498,No,
LOAN003499,No,
LOAN003500,No,
LOAN003501,No,
LOAN003502,No,
LOAN003503,No,
LOAN003504,No,
LOAN003505,No,
LOAN003506,No,
LOAN003507,No,
LOAN003508,No,
LOAN003509,No,
LOAN003510,No,
LOAN003511,No,
LOAN003512,No,
LOAN003513,No,
LOAN003514,No,
LOAN003515,Yes,09/07/2026
LOAN003516,No,
LOAN003517,No,
LOAN003518,No,
LOAN003519,No,
LOAN003520,No,
LOAN003521,Yes,2026-01-15
LOAN003522,No,
LOAN003523,No,
LOAN003524,No,
LOAN003525,No,
LOAN003526,No,
LOAN003527,No,
LOAN003528,No,
LOAN003529,No,
LOAN003530,No,
LOAN003531,No,
LOAN003532,No,
LOAN003533,No,
LOAN003534,Yes,13/11/2025
LOAN003535,Yes,2025-03-17
LOAN003536,No,
LOAN003537,No,
LOAN003538,No,
LOAN003539,No,
LOAN003540,No,
LOAN003541,No,
LOAN003542,No,
LOAN003543,No,
LOAN003544,No,
LOAN003545,No,
LOAN003546,Yes,04/05/2025
LOAN003547,No,
LOAN003548,No,
LOAN003549,No,
LOAN003550,No,
LOAN003551,No,
LOAN003552,No,
LOAN003553,No,
LOAN003554,No,
LOAN003555,No,
LOAN003556,No,
LOAN003557,No,
LOAN003558,No,
LOAN003559,No,
LOAN003560,No,
LOAN003561,No,
LOAN003562,No,
LOAN003563,No,
LOAN003564,No,
LOAN003565,No,
LOAN003566,No,
LOAN003567,No,
LOAN003568,No,
LOAN003569,No,
LOAN003570,No,
LOAN003571,No,
LOAN003572,No,
LOAN003573,No,
LOAN003574,No,
LOAN003575,No,
LOAN003576,No,
LOAN003577,No,
LOAN003578,No,
LOAN003579,No,
LOAN003580,No,
LOAN003581,No,
LOAN003582,No,
LOAN003583,No,
LOAN003584,No,
LOAN003585,No,
LOAN003586,No,
LOAN003587,No,
LOAN003588,No,
LOAN003589,Yes,2024-07-06
LOAN003590,No,
LOAN003591,No,
LOAN003592,No,
LOAN003593,No,
LOAN003594,No,
LOAN003595,No,
LOAN003596,No,
LOAN003597,No,
LOAN003598,No,
LOAN003599,No,
LOAN003600,No,
LOAN003601,No,
LOAN003602,No,
LOAN003603,No,
LOAN003604,No,
LOAN003605,No,
LOAN003606,No,
LOAN003607,No,
LOAN003608,Yes,20/01/2028
LOAN003609,No,
LOAN003610,No,
LOAN003611,No,
LOAN003612,No,
LOAN003613,Yes,03/07/2026
LOAN003614,No,
LOAN003615,No,
LOAN003616,No,
LOAN003617,No,
LOAN003618,No,
LOAN003619,No,
LOAN003620,No,
LOAN003621,No,
LOAN003622,No,
LOAN003623,No,
LOAN003624,No,
LOAN003625,No,
LOAN003626,No,
LOAN003627,No,
LOAN003628,No,
LOAN003629,No,
LOAN003630,No,
LOAN003631,No,
LOAN003632,No,
LOAN003633,No,
LOAN003634,No,
LOAN003635,No,
LOAN003636,No,
LOAN003637,No,
LOAN003638,Yes,2026-11-26
LOAN003639,No,
LOAN003640,No,
LOAN003641,No,
LOAN003642,No,
LOAN003643,No,
LOAN003644,No,
LOAN003645,No,
LOAN003646,No,
LOAN003647,No,
LOAN003648,No,
LOAN003649,No,
LOAN003650,No,
LOAN003651,No,
LOAN003652,No,
LOAN003653,No,
LOAN003654,No,
LOAN003655,No,
LOAN003656,No,
LOAN003657,No,
LOAN003658,No,
LOAN003659,No,
LOAN003660,No,
LOAN003661,No,
LOAN003662,No,
LOAN003663,No,
LOAN003664,No,
LOAN003665,No,
LOAN003666,No,
LOAN003667,No,
LOAN003668,No,
LOAN003669,Yes,04/05/2026
LOAN003670,No,
LOAN003671,Yes,2024-09-19
LOAN003672,No,
LOAN003673,No,
LOAN003674,No,
LOAN003675,No,
LOAN003676,No,
LOAN003677,No,
LOAN003678,No,
LOAN003679,No,
LOAN003680,No,
LOAN003681,No,
LOAN003682,No,
LOAN003683,No,
LOAN003684,No,
LOAN003685,No,
LOAN003686,No,
LOAN003687,No,
LOAN003688,No,
LOAN003689,Yes,21/02/2024
LOAN003690,No,
LOAN003691,Yes,02/12/2025
LOAN003692,No,
LOAN003693,Yes,20/10/2026
LOAN003694,No,
LOAN003695,No,
LOAN003696,No,
LOAN003697,No,
LOAN003698,No,
LOAN003699,No,
LOAN003700,No,
LOAN003701,No,
LOAN003702,No,
LOAN003703,No,
LOAN003704,No,
LOAN003705,No,
LOAN003706,No,
LOAN003707,No,
LOAN003708,No,
LOAN003709,No,
LOAN003710,No,
LOAN003711,No,
LOAN003712,No,
LOAN003713,No,
LOAN003714,No,
LOAN003715,Yes,15/04/2023
LOAN003716,No,
LOAN003717,Yes,07/08/2023
LOAN003718,No,
LOAN003719,No,
LOAN003720,No,
LOAN003721,No,
LOAN003722,No,
LOAN003723,No,
LOAN003724,No,
LOAN003725,No,
LOAN003726,No,
LOAN003727,No,
LOAN003728,No,
LOAN003729,No,
LOAN003730,No,
LOAN003731,No,
LOAN003732,No,
LOAN003733,No,
LOAN003734,No,
LOAN003735,No,
LOAN003736,No,
LOAN003737,No,
LOAN003738,No,
LOAN003739,Yes,2023-06-22
LOAN003740,No,
LOAN003741,No,
LOAN003742,No,
LOAN003743,No,
LOAN003744,No,
LOAN003745,No,
LOAN003746,Yes,12/11/2025
LOAN003747,No,
LOAN003748,No,
LOAN003749,No,
LOAN003750,No,
LOAN003751,No,
LOAN003752,No,
LOAN003753,No,
LOAN003754,No,
LOAN003755,No,
LOAN003756,No,
LOAN003757,No,
LOAN003758,No,
LOAN003759,No,
LOAN003760,No,
LOAN003761,No,
LOAN003762,No,
LOAN003763,No,
LOAN003764,No,
LOAN003765,No,
LOAN003766,No,
LOAN003767,No,
LOAN003768,Yes,08/03/2026
LOAN003769,No,
LOAN003770,No,
LOAN003771,No,
LOAN003772,No,
LOAN003773,No,
LOAN003774,No,
LOAN003775,No,
LOAN003776,No,
LOAN003777,No,
LOAN003778,No,
LOAN003779,No,
LOAN003780,Yes,12/03/2028
LOAN003781,No,
LOAN003782,No,
LOAN003783,No,
LOAN003784,No,
LOAN003785,No,
LOAN003786,No,
LOAN003787,No,
LOAN003788,No,
LOAN003789,Yes,10/05/2026
LOAN003790,Yes,22/05/2026
LOAN003791,No,
LOAN003792,No,
LOAN003793,No,
LOAN003794,No,
LOAN003795,No,
LOAN003796,No,
LOAN003797,No,
LOAN003798,No,
LOAN003799,No,
LOAN003800,No,
LOAN003801,No,
LOAN003802,No,
LOAN003803,No,
LOAN003804,No,
LOAN003805,No,
LOAN003806,No,
LOAN003807,No,
LOAN003808,No,
LOAN003809,No,
LOAN003810,No,
LOAN003811,No,
LOAN003812,Yes,17/03/2023
LOAN003813,No,
LOAN003814,No,
LOAN003815,No,
LOAN003816,No,
LOAN003817,No,
LOAN003818,Yes,07/07/2024
LOAN003819,No,
LOAN003820,No,
LOAN003821,No,
LOAN003822,No,
LOAN003823,No,
LOAN003824,No,
LOAN003825,Yes,2026-07-31
LOAN003826,No,
LOAN003827,Yes,2026-08-16
LOAN003828,No,
LOAN003829,No,
LOAN003830,No,
LOAN003831,No,
LOAN003832,No,
LOAN003833,No,
LOAN003834,Yes,04/02/2026
LOAN003835,No,
LOAN003836,No,
LOAN003837,No,
LOAN003838,No,
LOAN003839,No,
LOAN003840,No,
LOAN003841,No,
LOAN003842,Yes,2023-07-24
LOAN003843,No,
LOAN003844,No,
LOAN003845,No,
LOAN003846,No,
LOAN003847,No,
LOAN003848,No,
LOAN003849,No,
LOAN003850,No,
LOAN003851,No,
LOAN003852,No,
LOAN003853,No,
LOAN003854,No,
LOAN003855,No,
LOAN003856,No,
LOAN003857,No,
LOAN003858,Yes,2026-04-26
LOAN003859,No,
LOAN003860,Yes,06/10/2025
LOAN003861,No,
LOAN003862,No,
LOAN003863,No,
LOAN003864,No,
LOAN003865,No,
LOAN003866,No,
LOAN003867,No,
LOAN003868,No,
LOAN003869,Yes,2023-02-07
LOAN003870,No,
LOAN003871,No,
LOAN003872,No,
LOAN003873,No,
LOAN003874,No,
LOAN003875,No,
LOAN003876,No,
LOAN003877,No,
LOAN003878,No,
LOAN003879,Yes,2024-09-18
LOAN003880,No,
LOAN003881,No,
LOAN003882,No,
LOAN003883,No,
LOAN003884,No,
LOAN003885,No,
LOAN003886,No,
LOAN003887,No,
LOAN003888,No,
LOAN003889,No,
LOAN003890,Yes,06/09/2022
LOAN003891,No,
LOAN003892,No,
LOAN003893,Yes,08/08/2023
LOAN003894,No,
LOAN003895,No,
LOAN003896,No,
LOAN003897,No,
LOAN003898,No,
LOAN003899,No,
LOAN003900,No,
LOAN003901,Yes,20/05/2028
LOAN003902,Yes,2024-10-14
LOAN003903,No,
LOAN003904,No,
LOAN003905,No,
LOAN003906,No,
LOAN003907,Yes,20/03/2027
LOAN003908,No,
LOAN003909,No,
LOAN003910,No,
LOAN003911,No,
LOAN003912,No,
LOAN003913,No,
LOAN003914,No,
LOAN003915,No,
LOAN003916,No,
LOAN003917,No,
LOAN003918,No,
LOAN003919,No,
LOAN003920,Yes,2022-05-07
LOAN003921,No,
LOAN003922,No,
LOAN003923,No,
LOAN003924,No,
LOAN003925,No,
LOAN003926,No,
LOAN003927,No,
LOAN003928,No,
LOAN003929,No,
LOAN003930,No,
LOAN003931,No,
LOAN003932,No,
LOAN003933,No,
LOAN003934,No,
LOAN003935,No,
LOAN003936,No,
LOAN003937,No,
LOAN003938,No,
LOAN003939,No,
LOAN003940,No,
LOAN003941,No,
LOAN003942,No,
LOAN003943,Yes,2023-08-11
LOAN003944,No,
LOAN003945,No,
LOAN003946,No,
LOAN003947,No,
LOAN003948,No,
LOAN003949,No,
LOAN003950,No,
LOAN003951,No,
LOAN003952,No,
LOAN003953,Yes,2025-03-03
LOAN003954,No,
LOAN003955,No,
LOAN003956,No,
LOAN003957,No,
LOAN003958,No,
LOAN003959,No,
LOAN003960,No,
LOAN003961,No,
LOAN003962,No,
LOAN003963,Yes,06/12/2026
LOAN003964,No,
LOAN003965,No,
LOAN003966,No,
LOAN003967,No,
LOAN003968,No,
LOAN003969,Yes,05/05/2025
LOAN003970,No,
LOAN003971,No,
LOAN003972,No,
LOAN003973,No,
LOAN003974,No,
LOAN003975,No,
LOAN003976,No,
LOAN003977,No,
LOAN003978,No,
LOAN003979,No,
LOAN003980,No,
LOAN003981,No,
LOAN003982,No,
LOAN003983,No,
LOAN003984,No,
LOAN003985,No,
LOAN003986,No,
LOAN003987,No,
LOAN003988,No,
LOAN003989,No,
LOAN003990,No,
LOAN003991,No,
LOAN003992,No,
LOAN003993,No,
LOAN003994,No,
LOAN003995,No,
LOAN003996,No,
LOAN003997,No,
LOAN003998,Yes,2026-01-26
LOAN003999,No,
LOAN004000,No,
LOAN004001,No,
LOAN004002,No,
LOAN004003,No,
LOAN004004,No,
LOAN004005,No,
LOAN004006,No,
LOAN004007,No,
LOAN004008,Yes,2025-06-06
LOAN004009,No,
LOAN004010,Yes,2024-02-12
LOAN004011,No,
LOAN004012,No,
LOAN004013,No,
LOAN004014,No,
LOAN004015,No,
LOAN004016,No,
LOAN004017,No,
LOAN004018,No,
LOAN004019,No,
LOAN004020,No,
LOAN004021,No,
LOAN004022,No,
LOAN004023,No,
LOAN004024,No,
LOAN004025,No,
LOAN004026,No,
LOAN004027,No,
LOAN004028,No,
LOAN004029,No,
LOAN004030,No,
LOAN004031,No,
LOAN004032,No,
LOAN004033,No,
LOAN004034,No,
LOAN004035,No,
LOAN004036,No,
LOAN004037,No,
LOAN004038,No,
LOAN004039,No,
LOAN004040,No,
LOAN004041,No,
LOAN004042,No,
LOAN004043,No,
LOAN004044,No,
LOAN004045,No,
LOAN004046,No,
LOAN004047,No,
LOAN004048,No,
LOAN004049,No,
LOAN004050,No,
LOAN004051,No,
LOAN004052,No,
LOAN004053,No,
LOAN004054,Yes,2023-10-09
LOAN004055,No,
LOAN004056,No,
LOAN004057,No,
LOAN004058,No,
LOAN004059,No,
LOAN004060,No,
LOAN004061,No,
LOAN004062,No,
LOAN004063,No,
LOAN004064,No,
LOAN004065,No,
LOAN004066,No,
LOAN004067,No,
LOAN004068,No,
LOAN004069,No,
LOAN004070,No,
LOAN004071,No,
LOAN004072,No,
LOAN004073,No,
LOAN004074,No,
LOAN004075,No,
LOAN004076,No,
LOAN004077,No,
LOAN004078,Yes,10/10/2027
LOAN004079,No,
LOAN004080,No,
LOAN004081,No,
LOAN004082,No,
LOAN004083,No,
LOAN004084,No,
LOAN004085,No,
LOAN004086,No,
LOAN004087,No,
LOAN004088,Yes,18/07/2023
LOAN004089,No,
LOAN004090,No,
LOAN004091,No,
LOAN004092,Yes,24/08/2026
LOAN004093,No,
LOAN004094,Yes,20/12/2026
LOAN004095,No,
LOAN004096,No,
LOAN004097,Yes,2028-07-20
LOAN004098,No,
LOAN004099,No,
LOAN004100,No,
LOAN004101,No,
LOAN004102,No,
LOAN004103,No,
LOAN004104,Yes,2024-02-19
LOAN004105,Yes,03/04/2026
LOAN004106,No,
LOAN004107,No,
LOAN004108,No,
LOAN004109,No,
LOAN004110,No,
LOAN004111,No,
LOAN004112,No,
LOAN004113,No,
LOAN004114,No,
LOAN004115,No,
LOAN004116,No,
LOAN004117,No,
LOAN004118,No,
LOAN004119,No,
LOAN004120,No,
LOAN004121,No,
LOAN004122,No,
LOAN004123,No,
LOAN004124,No,
LOAN004125,No,
LOAN004126,No,
LOAN004127,No,
LOAN004128,No,
LOAN004129,No,
LOAN004130,No,
LOAN004131,No,
LOAN004132,Yes,11/02/2027
LOAN004133,No,
LOAN004134,No,
LOAN004135,No,
LOAN004136,No,
LOAN004137,No,
LOAN004138,No,
LOAN004139,Yes,14/04/2026
LOAN004140,Yes,2026-05-26
LOAN004141,No,
LOAN004142,No,
LOAN004143,No,
LOAN004144,No,
LOAN004145,No,
LOAN004146,No,
LOAN004147,No,
LOAN004148,No,
LOAN004149,No,
LOAN004150,No,
LOAN004151,No,
LOAN004152,No,
LOAN004153,No,
LOAN004154,No,
LOAN004155,No,
LOAN004156,No,
LOAN004157,No,
LOAN004158,No,
LOAN004159,No,
LOAN004160,No,
LOAN004161,No,
LOAN004162,No,
LOAN004163,No,
LOAN004164,No,
LOAN004165,No,
LOAN004166,No,
LOAN004167,No,
LOAN004168,No,
LOAN004169,No,
LOAN004170,No,
LOAN004171,No,
LOAN004172,No,
LOAN004173,No,
LOAN004174,No,
LOAN004175,No,
LOAN004176,No,
LOAN004177,No,
LOAN004178,No,
LOAN004179,No,
LOAN004180,No,
LOAN004181,No,
LOAN004182,No,
LOAN004183,Yes,11/10/2026
LOAN004184,No,
LOAN004185,No,
LOAN004186,No,
LOAN004187,No,
LOAN004188,No,
LOAN004189,No,
LOAN004190,No,
LOAN004191,Yes,12/10/2026
LOAN004192,No,
LOAN004193,No,
LOAN004194,No,
LOAN004195,No,
LOAN004196,No,
LOAN004197,No,
LOAN004198,No,
LOAN004199,No,
LOAN004200,No,
